,book-title,1st,2nd,3rd,4th,5th
0,1984,1984,Animal Farm,The Handmaid's Tale,Brave New World,The Vampire Lestat
1,1st to Die: A Novel,1st to Die: A Novel,Along Came a Spider,Roses Are Red,Pop Goes the Weasel,Violets Are Blue
2,2nd Chance,2nd Chance,Four Blind Mice,The Next Accident,Violets Are Blue,The Murder Book
3,4 Blondes,4 Blondes,The House of the Spirits,Pride and Prejudice,Pleading Guilty,Seabiscuit
4,A Bend in the Road,A Bend in the Road,A Walk to Remember,The Last Time They Met : A Novel,Sea Glass: A Novel,Angels
5,A Case of Need,A Case of Need,Clear and Present Danger,Exclusive,Harvest,Mind Prey
6,"A Child Called \It\"": One Child's Courage to Survive""","A Child Called \It\"": One Child's Courage to Survive""",A Man Named Dave: A Story of Triumph and Forgiveness,Range of Motion,On the Street Where You Live,Lightning
7,A Civil Action,A Civil Action,No Safe Place,The Genesis Code,The Temple of My Familiar,The Handmaid's Tale
8,A Day Late and a Dollar Short,A Day Late and a Dollar Short,Exclusive,The Simple Truth,We Were the Mulvaneys,Icy Sparks
9,A Fine Balance,A Fine Balance,The Hours : A Novel,The Amber Spyglass,The Blind Assassin,Falling Angels
10,A Great Deliverance,A Great Deliverance,Death du Jour,Cry Wolf,C Is for Corpse,Winter Solstice
11,A Heartbreaking Work of Staggering Genius,A Heartbreaking Work of Staggering Genius,Year of Wonders,The Giver,Blessings,The Girls' Guide to Hunting and Fishing
12,A Is for Alibi,A Is for Alibi,E Is for Evidence: A Kinsey Millhone Mystery,K Is for Killer,I Is for Innocent,C Is for Corpse
13,A Lesson Before Dying,A Lesson Before Dying,Fall On Your Knees,The Virgin Suicides,"River, Cross My Heart",The Reader
14,A Man Named Dave: A Story of Triumph and Forgiveness,A Man Named Dave: A Story of Triumph and Forgiveness,Granny Dan,Blue Diary,"A Child Called \It\"": One Child's Courage to Survive""",The Rescue
15,A Man in Full,A Man in Full,Absolute Power,The Angel of Darkness,Plum Island,Jacob Have I Loved
16,A Map of the World,A Map of the World,House of Sand and Fog,How to Make an American Quilt,Midwives: A Novel,The Rapture of Canaan
17,A Painted House,A Painted House,The Brethren,We Were the Mulvaneys,Touching Evil,Fall On Your Knees
18,A Patchwork Planet,A Patchwork Planet,Mother of Pearl,Exclusive,Don't Stand Too Close to a Naked Man,Holes
19,A Prayer for Owen Meany,A Prayer for Owen Meany,The Fourth Hand,Empire Falls,I Know Why the Caged Bird Sings,How to Be Good
20,A Thin Dark Line,A Thin Dark Line,Ashes to Ashes,The Ugly Duckling,Cry Wolf,The Face of Deception
21,A Thousand Acres,A Thousand Acres,Charming Billy,The Hours : A Novel,The Bonfire of the Vanities,The Robber Bride
22,A Time to Kill,A Time to Kill,The Pelican Brief,The Client,The Firm,The Chamber
23,A Virtuous Woman,A Virtuous Woman,Blue Diary,Moo,The Reader,Back Roads
24,A Walk to Remember,A Walk to Remember,The Rescue,Nights in Rodanthe,The Notebook,Granny Dan
25,A Widow for One Year,A Widow for One Year,The God of Small Things,Into the Wild,Big Trouble,A Prayer for Owen Meany
26,A Wrinkle In Time,A Wrinkle In Time,A Wrinkle in Time,The Phantom Tollbooth,Jacob Have I Loved,Harry Potter and the Order of the Phoenix
27,A Wrinkle in Time,A Wrinkle in Time,A Wrinkle In Time,Midnight in the Garden of Good and Evil,The Phantom Tollbooth,Mind Prey
28,A Year in Provence,A Year in Provence,The Phantom Tollbooth,Coraline,A Wrinkle in Time,How to Make an American Quilt
29,ANGELA'S ASHES,ANGELA'S ASHES,Love in the Time of Cholera,The Red Tent,The Catcher in the Rye,Schindler's List
30,About a Boy,About a Boy,High Fidelity,How to Be Good,Notes from a Small Island,A Prayer for Owen Meany
31,Absolute Power,Absolute Power,A Man in Full,Pleading Guilty,Airframe,Sphere
32,Acceptable Risk,Acceptable Risk,Chromosome 6,Invasion,Toxin,Watchers
33,Accident,Accident,Daddy,Vanished,Fine Things,Wifey
34,Airframe,Airframe,Sphere,Absolute Power,"Welcome to the World, Baby Girl!",Jurassic Park
35,All Around the Town,All Around the Town,You Belong To Me,Before I Say Good-Bye,"Loves Music, Loves to Dance",Daddy's Little Girl
36,All I Really Need to Know,All I Really Need to Know,It Was on Fire When I Lay Down on It,Message in a Bottle,Wizard and Glass,A Civil Action
37,All That Remains,All That Remains,From Potter's Field,Cruel and Unusual,Body of Evidence,The Body Farm
38,All the Pretty Horses,All the Pretty Horses,Second Nature,Smilla's Sense of Snow,"Like Water for Chocolate: A Novel in Monthly Installments With Recipes, Romances and Home Remedies",The Shipping News : A Novel
39,Along Came a Spider,Along Came a Spider,Kiss the Girls,Hide and Seek,The Clinic,The Client
40,American Gods,American Gods,The Golden Compass,The Eyre Affair: A Novel,Seabiscuit: An American Legend,The Amber Spyglass
41,Angela's Ashes : A Memoir,Angela's Ashes : A Memoir,Echoes,Harvest,Colony,I Know Why the Caged Bird Sings
42,Angela's Ashes: A Memoir,Angela's Ashes: A Memoir,The Hours : A Novel,A Widow for One Year,Plainsong,The Great Gatsby
43,Angels,Angels,A Bend in the Road,Exclusive,Girl in Hyacinth Blue,Under the Tuscan Sun
44,Angels and Demons,Angels and Demons,The Da Vinci Code,The Sweet Potato Queens' Book of Love,Bel Canto: A Novel,A Wrinkle in Time
45,"Angus, Thongs and Full-Frontal Snogging: Confessions of Georgia Nicolson","Angus, Thongs and Full-Frontal Snogging: Confessions of Georgia Nicolson",The Bad Beginning,Wicked: The Life and Times of the Wicked Witch of the West,Animal Farm,Confessions of an Ugly Stepsister : A Novel
46,Animal Dreams,Animal Dreams,The Bean Trees,Ladder of Years,Cold Mountain : A Novel,Winter Solstice
47,Animal Farm,Animal Farm,1984,"Angus, Thongs and Full-Frontal Snogging: Confessions of Georgia Nicolson",Midnight,Second Nature
48,Anne Frank: The Diary of a Young Girl,Anne Frank: The Diary of a Young Girl,"Scarlett : The Sequel to Margaret Mitchell's \Gone With the Wind\""""",How Stella Got Her Groove Back,"Like Water for Chocolate: A Novel in Monthly Installments, With Recipes, Romances, and Home Remedies",The Secret Garden
49,Anne of Avonlea,Anne of Avonlea,Anne of the Island,The Witness,Anne of Green Gables,Harry Potter and the Prisoner of Azkaban
50,Anne of Green Gables,Anne of Green Gables,Anne of the Island,Anne of Avonlea,Secrets,Midnight in the Garden of Good and Evil
51,Anne of the Island,Anne of the Island,Anne of Avonlea,Anne of Green Gables,Bridge to Terabithia,Secrets
52,Artemis Fowl,Artemis Fowl,A Wrinkle in Time,Rising Tides,The Fourth Hand,Accident
53,Ashes to Ashes,Ashes to Ashes,A Thin Dark Line,Eyes of a Child,Standoff,The Plains of Passage
54,At Home in Mitford,At Home in Mitford,Miss Julia Speaks Her Mind : A Novel,Cold Sassy Tree,Chicken Soup for the Soul,Wild Animus
55,Atonement : A Novel,Atonement : A Novel,Girl in Hyacinth Blue,"Like Water for Chocolate: A Novel in Monthly Installments, With Recipes, Romances, and Home Remedies",Balzac and the Little Chinese Seamstress : A Novel,A Man Named Dave: A Story of Triumph and Forgiveness
56,B Is for Burglar,B Is for Burglar,F Is for Fugitive,D Is for Deadbeat,I Is for Innocent,G Is for Gumshoe
57,Back Roads,Back Roads,"River, Cross My Heart",A Lesson Before Dying,Midwives: A Novel,What Looks Like Crazy On An Ordinary Day
58,Bag of Bones,Bag of Bones,The Tommyknockers,Desperation,Carrie,It
59,Balzac and the Little Chinese Seamstress : A Novel,Balzac and the Little Chinese Seamstress : A Novel,Girl in Hyacinth Blue,Tears of the Giraffe,Secret History,Bastard Out of Carolina
60,Bastard Out of Carolina,Bastard Out of Carolina,The Handmaid's Tale,The Blind Assassin,The Poisonwood Bible,The Virgin Suicides
61,Beach House,Beach House,"Forever... : A Novel of Good and Evil, Love and Hope",Mercy,Full Tilt,Touching Evil
62,Beach Music,Beach Music,Hot Six : A Stephanie Plum Novel,White Teeth: A Novel,"Scarlett : The Sequel to Margaret Mitchell's \Gone With the Wind\""""",Fat Tuesday
63,Before I Say Good-Bye,Before I Say Good-Bye,My Gal Sunday,Pretend You Don't See Her,Exclusive,Let Me Call You Sweetheart
64,Bel Canto: A Novel,Bel Canto: A Novel,Tears of the Giraffe,The Bean Trees,A Prayer for Owen Meany,Wicked: The Life and Times of the Wicked Witch of the West
65,Beloved,Beloved,Charming Billy,Song of Solomon,The Handmaid's Tale,A Widow for One Year
66,Betrayal in Death,Betrayal in Death,Portrait in Death,Macgregor Brides,Night Whispers,Purity in Death
67,Big Stone Gap: A Novel,Big Stone Gap: A Novel,Empire Falls,The Stone Diaries,Sea Glass: A Novel,Blessings
68,Big Trouble,Big Trouble,A Widow for One Year,The No. 1 Ladies' Detective Agency,Coraline,A Man in Full
69,Billy Straight : A Novel,Billy Straight : A Novel,Deja Dead,Degree of Guilt,Death du Jour,Deck the Halls
70,Birthright,Birthright,Key of Knowledge,Dangerous,Midnight Bayou,The Reef
71,Bittersweet,Bittersweet,The Long Road Home,Eyes of a Child,The Rainmaker,Kaleidoscope
72,Black House,Black House,Wizard and Glass,The Gunslinger,Desperation,The Drawing of the Three
73,Black Notice,Black Notice,Point of Origin,Unnatural Exposure,The Last Precinct,Guilty as Sin
74,Black and Blue,Black and Blue,Blessings,Fortune's Rocks : A Novel,Seven Habits Of Highly Effective People,Sea Glass: A Novel
75,Bleachers,Bleachers,Cry Wolf,The Edge,Journey,The King of Torts
76,Blessings,Blessings,One True Thing,The Dogs of Babel,Black and Blue,Echoes
77,Blood Work,Blood Work,Slammerkin,Empire Falls,Envy,The Angel of Darkness
78,Blue Diary,Blue Diary,A Man Named Dave: A Story of Triumph and Forgiveness,Sea Glass: A Novel,Turtle Moon,The Hours: A Novel
79,Body of Evidence,Body of Evidence,All That Remains,Shadow Prey,Cruel and Unusual,Night Prey
80,Body of Lies,Body of Lies,Night Sins,Final Target,The Search,The Face of Deception
81,Brave New World,Brave New World,1984,How to Be Good,Naked,Five Quarters of the Orange
82,"Breath, Eyes, Memory","Breath, Eyes, Memory","River, Cross My Heart",Song of Solomon,While I Was Gone,The Poisonwood Bible
83,Breathing Lessons,Breathing Lessons,The Crimson Petal and the White,Seabiscuit: An American Legend,The Hours : A Novel,Absolute Power
84,Bridge to Terabithia,Bridge to Terabithia,Anne of the Island,The Giver,The Ugly Duckling,Midnight in the Garden of Good and Evil
85,Bridget Jones : The Edge of Reason,Bridget Jones : The Edge of Reason,Ladder of Years,The Glass Lake,The Reader,A Day Late and a Dollar Short
86,Bridget Jones's Diary,Bridget Jones's Diary,Bridget Jones: The Edge of Reason,The Bridges of Madison County,Zoya,Girl in Hyacinth Blue
87,Bridget Jones: The Edge of Reason,Bridget Jones: The Edge of Reason,Bridget Jones's Diary,"Girl, Interrupted",The Hundred Secret Senses,The Hours : A Novel
88,By the Light of the Moon,By the Light of the Moon,One Door Away from Heaven,Seize the Night,Whispers,Dragon Tears
89,C Is for Corpse,C Is for Corpse,K Is for Killer,I Is for Innocent,H Is for Homicide,B Is for Burglar
90,CAT'S EYE,CAT'S EYE,Prime Cut,Irish Hearts,Unspeakable,Fingersmith
91,Call of the Wild,Call of the Wild,The Lottery Winner : Alvirah And Willy Stories,Invasion,Postmortem,A Civil Action
92,Carnal Innocence,Carnal Innocence,Homeport,Montana Sky,Sanctuary,The Reef
93,Carolina Moon,Carolina Moon,The Reef,Dance upon the Air,Key of Knowledge,Heaven and Earth
94,Carrie,Carrie,Bag of Bones,Gerald's Game,The Dark Half,Insomnia
95,Cat and Mouse,Cat and Mouse,Hide and Seek,Exclusive,"Loves Music, Loves to Dance",Nothing Lasts Forever
96,Catering to Nobody,Catering to Nobody,Exclusive,The First Counsel,Fine Things,Dying for Chocolate
97,Cause of Death,Cause of Death,Unnatural Exposure,Exclusive,The Body Farm,Cruel and Unusual
98,Certain Prey,Certain Prey,Chosen Prey,Shadow Prey,Night Prey,The Burden of Proof
99,Charlotte's Web,Charlotte's Web,Exclusive,Possession : A Romance,Harry Potter and the Prisoner of Azkaban,Harry Potter and the Chamber of Secrets
100,Charming Billy,Charming Billy,A Thousand Acres,Vinegar Hill,The Rapture of Canaan,Beloved
101,Chicken Soup for the Soul,Chicken Soup for the Soul,Don't Sweat the Small Stuff and It's All Small Stuff : Simple Ways to Keep the Little Things from Taking Over Your Life,Jewel,At Home in Mitford,River's End
102,Chicken Soup for the Woman's Soul,Chicken Soup for the Woman's Soul,Ellen Foster,A Lesson Before Dying,Secrets,Night Whispers
103,Chocolat,Chocolat,Five Quarters of the Orange,Unnatural Exposure,The Secret Garden,Hideaway
104,Choke,Choke,Flesh and Blood,The Murder Book,Isle of Dogs,The Blind Assassin
105,Chosen Prey,Chosen Prey,Mortal Prey,Easy Prey,Mind Prey,Eyes of a Child
106,Christine,Christine,Cujo,Pet Sematary,It,Watchers
107,Chromosome 6,Chromosome 6,Acceptable Risk,Invasion,Vector,The Hot Zone
108,Circle of Friends,Circle of Friends,The Glass Lake,GARDEN OF SHADOWS,Nights in Rodanthe,Granny Dan
109,Clear and Present Danger,Clear and Present Danger,Red Storm Rising,Rainbow Six,Patriot Games,Debt of Honor
110,Cold Mountain,Cold Mountain,Fried Green Tomatoes at the Whistle Stop Cafe,A Great Deliverance,Death du Jour,Mystic River
111,Cold Mountain : A Novel,Cold Mountain : A Novel,Three Junes,STONES FROM THE RIVER,Empire Falls,Animal Dreams
112,Cold Sassy Tree,Cold Sassy Tree,The Copper Beech,Under the Tuscan Sun,At Home in Mitford,A Map of the World
113,Colony,Colony,Harvest,Exclusive,Envy,Nothing Lasts Forever
114,Coming Home,Coming Home,Winter Solstice,Shell Seekers,Devices and Desires,Tara Road
115,Confessions of a Shopaholic,Confessions of a Shopaholic,Shopaholic Takes Manhattan,The Devil Wears Prada : A Novel,In Her Shoes : A Novel,The Nanny Diaries: A Novel
116,Confessions of an Ugly Stepsister : A Novel,Confessions of an Ugly Stepsister : A Novel,Wicked: The Life and Times of the Wicked Witch of the West,Empire Falls,The Eyre Affair: A Novel,Tears of the Giraffe
117,Congo,Congo,Postmortem,Jacob Have I Loved,Clear and Present Danger,Strangers
118,Contact,Contact,The Gunslinger,Fatal Cure,Stupid White Men ...and Other Sorry Excuses for the State of the Nation!,Dreamcatcher
119,Contagion,Contagion,Fatal Cure,Vector,Family Album,Mr. Murder
120,Coraline,Coraline,A Year in Provence,Fingersmith,A Wrinkle In Time,Notes from a Small Island
121,Couplehood,Couplehood,The Virgin Suicides,A Civil Action,Confessions of an Ugly Stepsister : A Novel,No Safe Place
122,Cradle and All,Cradle and All,We'll Meet Again,Four Blind Mice,Fat Tuesday,The Client
123,Crazy for You,Crazy for You,Now You See Her,Dangerous,Faking It,The Bachelor
124,Cruel and Unusual,Cruel and Unusual,All That Remains,The Body Farm,From Potter's Field,Point of Origin
125,Cry Wolf,Cry Wolf,The Edge,Night Sins,Montana Sky,A Thin Dark Line
126,Cujo,Cujo,Pet Sematary,It,Christine,Skeleton Crew
127,D Is for Deadbeat,D Is for Deadbeat,K Is for Killer,E Is for Evidence: A Kinsey Millhone Mystery,B Is for Burglar,H Is for Homicide
128,Daddy,Daddy,Accident,Message from Nam,Fine Things,Vanished
129,Daddy's Little Girl,Daddy's Little Girl,You Belong To Me,Family Album,I'll Be Seeing You,We'll Meet Again
130,Daisy Fay and the Miracle Man,Daisy Fay and the Miracle Man,How to Make an American Quilt,"Welcome to the World, Baby Girl!",No Safe Place,Midnight in the Garden of Good and Evil
131,Dance upon the Air,Dance upon the Air,Heaven and Earth,Face the Fire,Purity in Death,Carolina Moon
132,Dances With Wolves,Dances With Wolves,The Thorn Birds,Wuthering Heights,Primary Colors: A Novel of Politics,I'll Be Seeing You
133,Dangerous,Dangerous,Birthright,Killjoy,Temptation,Family Album
134,Dark Angel,Dark Angel,River's End,Midnight Bayou,Sanctuary,Carnal Innocence
135,Dark Paradise,Dark Paradise,Night Sins,Family Album,Guilty as Sin,Homeport
136,Dark Rivers of the Heart,Dark Rivers of the Heart,The Bad Place,Midnight,Icebound,While My Pretty One Sleeps
137,Dawn,Dawn,Message from Nam,The Long Road Home,Five Days in Paris,Fine Things
138,Death du Jour,Death du Jour,A Great Deliverance,The Last Precinct,Tara Road,Deja Dead
139,Debt of Honor,Debt of Honor,The Cardinal of the Kremlin,Clear and Present Danger,The Sum of All Fears,Without Remorse
140,Deception Point,Deception Point,Chosen Prey,Touching Evil,Harvest,Exclusive
141,Deck the Halls,Deck the Halls,Range of Motion,Exclusive,The Cradle Will Fall,On the Street Where You Live
142,Degree of Guilt,Degree of Guilt,WLD ACCORDNG GARP,All That Remains,Remember Me,We'll Meet Again
143,Deja Dead,Deja Dead,Billy Straight : A Novel,Winter Solstice,Death du Jour,Exclusive
144,Desperation,Desperation,Rose Madder,Four Past Midnight,Black House,Dreamcatcher
145,Devices and Desires,Devices and Desires,Coming Home,Winter Solstice,Remember Me,The Sum of All Fears
146,Different Seasons,Different Seasons,The Regulators,The Tommyknockers,It,Four Past Midnight
147,Digital Fortress : A Thriller,Digital Fortress : A Thriller,Morality for Beautiful Girls,A Prayer for Owen Meany,The Woman Next Door,Balzac and the Little Chinese Seamstress : A Novel
148,Disclosure,Disclosure,Plum Island,The Street Lawyer,A Day Late and a Dollar Short,From Potter's Field
149,Divine Secrets of the Ya-Ya Sisterhood: A Novel,Divine Secrets of the Ya-Ya Sisterhood: A Novel,Girl in Hyacinth Blue,The Red Tent,The Nanny Diaries: A Novel,The Secret Life of Bees
150,Dolores Claiborne,Dolores Claiborne,From the Corner of His Eye,Rose Madder,Watchers,Toxin
151,Don't Stand Too Close to a Naked Man,Don't Stand Too Close to a Naked Man,The First Counsel,Tis: A Memoir,Politically Correct Bedtime Stories: Modern Tales for Our Life and Times,A Lesson Before Dying
152,Don't Sweat the Small Stuff and It's All Small Stuff : Simple Ways to Keep the Little Things from Taking Over Your Life,Don't Sweat the Small Stuff and It's All Small Stuff : Simple Ways to Keep the Little Things from Taking Over Your Life,Chicken Soup for the Soul,A Map of the World,Nights in Rodanthe,Icy Sparks
153,Dr. Atkins' New Diet Revolution,Dr. Atkins' New Diet Revolution,The Pull of the Moon,Dragonfly in Amber,Turtle Moon,Family Album
154,Dragon Tears,Dragon Tears,Hideaway,While My Pretty One Sleeps,Before I Say Good-Bye,"Loves Music, Loves to Dance"
155,Dragonfly in Amber,Dragonfly in Amber,Drums of Autumn,Voyager,Outlander,Falling Angels
156,Dream Country,Dream Country,The Reef,Carolina Moon,Key of Knowledge,The Summerhouse
157,Dreamcatcher,Dreamcatcher,Desperation,Four Past Midnight,Black House,Bag of Bones
158,Drowning Ruth,Drowning Ruth,We Were the Mulvaneys,The Reader,Icy Sparks,What Looks Like Crazy On An Ordinary Day
159,Drums of Autumn,Drums of Autumn,Dragonfly in Amber,Voyager,Outlander,The Horse Whisperer
160,"Dude, Where's My Country?","Dude, Where's My Country?",The Robber Bride,The Hundred Secret Senses,Stupid White Men ...and Other Sorry Excuses for the State of the Nation!,The Blind Assassin
161,Dust to Dust,Dust to Dust,The Killing Game: Only One Can Win...and the Loser Dies,Nothing Lasts Forever,Night Sins,Unnatural Exposure
162,Dying for Chocolate,Dying for Chocolate,Three To Get Deadly : A Stephanie Plum Novel,Catering to Nobody,From Potter's Field,Prime Cut
163,E Is for Evidence: A Kinsey Millhone Mystery,E Is for Evidence: A Kinsey Millhone Mystery,I Is for Innocent,H Is for Homicide,D Is for Deadbeat,F Is for Fugitive
164,Easy Prey,Easy Prey,Chosen Prey,Mortal Prey,Sudden Prey,Flesh and Blood
165,Echoes,Echoes,The Glass Lake,Angela's Ashes : A Memoir,The Return Journey,Harvest
166,Ellen Foster,Ellen Foster,Chicken Soup for the Woman's Soul,The Mulberry Tree,The Glass Lake,What Looks Like Crazy On An Ordinary Day
167,Empire Falls,Empire Falls,Tears of the Giraffe,A Prayer for Owen Meany,Confessions of an Ugly Stepsister : A Novel,Blood Work
168,Ender's Game,Ender's Game,Love in the Time of Cholera,Hearts in Atlantis,Absolute Power,The First Counsel
169,Engaging The Enemy,Engaging The Enemy,Message from Nam,"Truly, Madly Manhattan",Summer Pleasures,Jewels of the Sun
170,Envy,Envy,Final Target,Homeport,Midnight Bayou,Touching Evil
171,Evening Class,Evening Class,Scarlet Feather,The Copper Beech,Tara Road,Winter Solstice
172,Everything's Eventual : 14 Dark Tales,Everything's Eventual : 14 Dark Tales,Desperation,Nightmares and Dreamscapes,Black House,Wizard and Glass
173,Exclusive,Exclusive,The Long Road Home,Eyes of a Child,Fine Things,Secrets
174,Executive Orders,Executive Orders,The Cardinal of the Kremlin,The Sum of All Fears,Patriot Games,Without Remorse
175,Eyes of a Child,Eyes of a Child,Exclusive,The Cradle Will Fall,Fine Things,Secrets
176,F Is for Fugitive,F Is for Fugitive,G Is for Gumshoe,I Is for Innocent,B Is for Burglar,E Is for Evidence: A Kinsey Millhone Mystery
177,FORREST GUMP,FORREST GUMP,Couplehood,Slow Waltz in Cedar Bend,Lake Wobegon Days,The Rainmaker
178,Face the Fire,Face the Fire,Heaven and Earth,Dance upon the Air,Purity in Death,The Reef
179,Fahrenheit 451,Fahrenheit 451,1984,The Hitchhiker's Guide to the Galaxy,STONES FROM THE RIVER,The Divine Secrets of the Ya-Ya Sisterhood: A Novel
180,Faking It,Faking It,Fast Women,The Mulberry Tree,The Woman Next Door,Midnight Bayou
181,Fall On Your Knees,Fall On Your Knees,A Lesson Before Dying,We Were the Mulvaneys,House of Sand and Fog,Blue Diary
182,Falling Angels,Falling Angels,The Stone Diaries,Girl with a Pearl Earring,Echoes,The Shipping News : A Novel
183,False Memory,False Memory,Hideaway,From the Corner of His Eye,Winter Moon,The Alibi
184,Family Album,Family Album,Daddy's Little Girl,Dangerous,We'll Meet Again,Four Blind Mice
185,Fast Food Nation: The Dark Side of the All-American Meal,Fast Food Nation: The Dark Side of the All-American Meal,The Reptile Room,Sudden Prey,Stupid White Men ...and Other Sorry Excuses for the State of the Nation!,Deja Dead
186,Fast Women,Fast Women,Faking It,The Bachelor,Touching Evil,Fat Tuesday
187,Fat Tuesday,Fat Tuesday,Exclusive,Nothing Lasts Forever,Homecoming,The Woman Next Door
188,Fatal Cure,Fatal Cure,Contagion,Smart Women,Guilty as Sin,Family Album
189,Fatherhood,Fatherhood,The Temple of My Familiar,"Loves Music, Loves to Dance",Misery,E Is for Evidence: A Kinsey Millhone Mystery
190,Fear Nothing,Fear Nothing,Seize the Night,Shadowfires,Dark Rivers of the Heart,Whispers
191,Final Target,Final Target,Envy,Body of Lies,Last Man Standing,Sick Puppy
192,Fine Things,Fine Things,Kaleidoscope,Zoya,Secrets,Message from Nam
193,Fingersmith,Fingersmith,How to Be Good,Coraline,Under the Tuscan Sun,White Teeth: A Novel
194,Five Days in Paris,Five Days in Paris,Message from Nam,The Long Road Home,Fine Things,No Greater Love
195,Five Quarters of the Orange,Five Quarters of the Orange,White Teeth: A Novel,Chocolat,High Fidelity,How to Be Good
196,Flesh and Blood,Flesh and Blood,The Murder Book,Choke,Easy Prey,2nd Chance
197,"Forever... : A Novel of Good and Evil, Love and Hope","Forever... : A Novel of Good and Evil, Love and Hope",The Mulberry Tree,Killjoy,Mercy,Touching Evil
198,Fortune's Rocks : A Novel,Fortune's Rocks : A Novel,The Crimson Petal and the White,Absolute Power,It Was on Fire When I Lay Down on It,Black and Blue
199,Fortune's Rocks: A Novel,Fortune's Rocks: A Novel,Cry Wolf,Cold Mountain,Outlander,Death du Jour
200,Foucault's Pendulum,Foucault's Pendulum,Exclusive,The Diary of Ellen Rimbauer: My Life at Rose Red,Love in the Time of Cholera,Jacob Have I Loved
201,Four Blind Mice,Four Blind Mice,Violets Are Blue,2nd Chance,The Testament,Family Album
202,Four Past Midnight,Four Past Midnight,Rose Madder,The Tommyknockers,It,The Regulators
203,Four To Score,Four To Score,High Five,Two for the Dough,Seven Up,Three To Get Deadly : A Stephanie Plum Novel
204,Fried Green Tomatoes at the Whistle Stop Cafe,Fried Green Tomatoes at the Whistle Stop Cafe,Cold Mountain,The Red Tent,The Stone Diaries,Rebecca
205,From Potter's Field,From Potter's Field,All That Remains,The Body Farm,Cruel and Unusual,Winter Solstice
206,From the Corner of His Eye,From the Corner of His Eye,Dolores Claiborne,The Regulators,Mr. Murder,By the Light of the Moon
207,Full House,Full House,Full Tilt,Seven Up,To the Nines: A Stephanie Plum Novel,Beach House
208,Full Tilt,Full Tilt,Full House,Beach House,The Next Accident,Nerd in Shining Armor
209,G Is for Gumshoe,G Is for Gumshoe,F Is for Fugitive,H Is for Homicide,B Is for Burglar,I Is for Innocent
210,GARDEN OF SHADOWS,GARDEN OF SHADOWS,Message from Nam,Fine Things,Circle of Friends,That Camden Summer
211,Gerald's Game,Gerald's Game,The Dark Half,The Tommyknockers,Four Past Midnight,Rose Madder
212,Girl in Hyacinth Blue,Girl in Hyacinth Blue,Balzac and the Little Chinese Seamstress : A Novel,Divine Secrets of the Ya-Ya Sisterhood: A Novel,Girl with a Pearl Earring,The Five People You Meet in Heaven
213,Girl with a Pearl Earring,Girl with a Pearl Earring,The Red Tent,Falling Angels,One True Thing,Girl in Hyacinth Blue
214,"Girl, Interrupted","Girl, Interrupted",Bridget Jones: The Edge of Reason,Midnight in the Garden of Good and Evil: A Savannah Story,The Girls' Guide to Hunting and Fishing,The Rapture of Canaan
215,Good Omens,Good Omens,The Temple of My Familiar,The Hitchhiker's Guide to the Galaxy,The Fourth Hand,The Hours : A Novel
216,Good in Bed,Good in Bed,In Her Shoes : A Novel,Family Album,The Girls' Guide to Hunting and Fishing,The Lovely Bones: A Novel
217,Gorky Park,Gorky Park,The English Patient,Tales of a Fourth Grade Nothing,What to Expect When You're Expecting,Silence of the Lambs
218,Granny Dan,Granny Dan,Message from Nam,A Man Named Dave: A Story of Triumph and Forgiveness,The Reef,GARDEN OF SHADOWS
219,Guardian Angel,Guardian Angel,Temptation,Killjoy,Night Whispers,Heartbreaker
220,Guilty Pleasures,Guilty Pleasures,A Civil Action,Welcome to Temptation,Night Whispers,Fatal Cure
221,Guilty as Sin,Guilty as Sin,The Search,Night Sins,The Face of Deception,Unnatural Exposure
222,H Is for Homicide,H Is for Homicide,I Is for Innocent,E Is for Evidence: A Kinsey Millhone Mystery,G Is for Gumshoe,D Is for Deadbeat
223,Hannibal,Hannibal,Red Dragon,Rose Madder,The Drawing of the Three,Red Storm Rising
224,Hard Eight : A Stephanie Plum Novel,Hard Eight : A Stephanie Plum Novel,Seven Up,High Five,Hot Six : A Stephanie Plum Novel,To the Nines: A Stephanie Plum Novel
225,Harry Potter and the Chamber of Secrets,Harry Potter and the Chamber of Secrets,Harry Potter and the Prisoner of Azkaban,Harry Potter and the Sorcerer's Stone,Harry Potter and the Goblet of Fire,Harry Potter and the Order of the Phoenix
226,Harry Potter and the Goblet of Fire,Harry Potter and the Goblet of Fire,Harry Potter and the Prisoner of Azkaban,Harry Potter and the Chamber of Secrets,Harry Potter and the Order of the Phoenix,Harry Potter and the Sorcerer's Stone
227,Harry Potter and the Order of the Phoenix,Harry Potter and the Order of the Phoenix,Harry Potter and the Goblet of Fire,Harry Potter and the Prisoner of Azkaban,Harry Potter and the Chamber of Secrets,Harry Potter and the Sorcerer's Stone
228,Harry Potter and the Prisoner of Azkaban,Harry Potter and the Prisoner of Azkaban,Harry Potter and the Goblet of Fire,Harry Potter and the Chamber of Secrets,Harry Potter and the Sorcerer's Stone,Harry Potter and the Order of the Phoenix
229,Harry Potter and the Sorcerer's Stone,Harry Potter and the Sorcerer's Stone,Harry Potter and the Chamber of Secrets,Harry Potter and the Prisoner of Azkaban,Harry Potter and the Goblet of Fire,Harry Potter and the Order of the Phoenix
230,Harvest,Harvest,Colony,Envy,Exclusive,Vector
231,Heart of the Sea,Heart of the Sea,Jewels of the Sun,Tears of the Moon,Macgregor Brides,River's End
232,Heartbeat,Heartbeat,The Long Road Home,Message from Nam,No Greater Love,Secrets
233,Heartbreaker,Heartbreaker,Mercy,Sacred Sins,Killjoy,"Forever... : A Novel of Good and Evil, Love and Hope"
234,Hearts In Atlantis,Hearts In Atlantis,Desperation,Lightning,Dark Rivers of the Heart,Carrie
235,Hearts in Atlantis,Hearts in Atlantis,The Celestine Prophecy,Exclusive,Second Nature,The Tao of Pooh
236,Heaven and Earth,Heaven and Earth,The Reef,Dance upon the Air,Face the Fire,Three Fates
237,Hemlock Bay,Hemlock Bay,Purity in Death,Chosen Prey,Body of Lies,Last Man Standing
238,Here on Earth,Here on Earth,The Rapture of Canaan,Saint Maybe,Ladder of Years,The Book of Ruth
239,Hide and Seek,Hide and Seek,Exclusive,Cat and Mouse,The Clinic,Along Came a Spider
240,Hideaway,Hideaway,Watchers,Dragon Tears,Sole Survivor,The Bad Place
241,High Fidelity,High Fidelity,About a Boy,How to Be Good,Notes from a Small Island,Five Quarters of the Orange
242,High Five,High Five,Four To Score,Three To Get Deadly : A Stephanie Plum Novel,Hot Six : A Stephanie Plum Novel,Seven Up
243,Holes,Holes,Seabiscuit: An American Legend,A Patchwork Planet,One for the Money,No Greater Love
244,Homecoming,Homecoming,Exclusive,Eyes of a Child,Fat Tuesday,Cat and Mouse
245,Homeport,Homeport,Carnal Innocence,Sanctuary,The Reef,River's End
246,Hornet's Nest,Hornet's Nest,Sudden Prey,Silent Witness,Mortal Prey,Cause of Death
247,Hot Six : A Stephanie Plum Novel,Hot Six : A Stephanie Plum Novel,High Five,Hard Eight : A Stephanie Plum Novel,Three To Get Deadly : A Stephanie Plum Novel,Four To Score
248,House of Sand and Fog,House of Sand and Fog,Midwives: A Novel,"River, Cross My Heart",Fall On Your Knees,Icy Sparks
249,How Stella Got Her Groove Back,How Stella Got Her Groove Back,Waiting to Exhale,"Breath, Eyes, Memory",Wicked: The Life and Times of the Wicked Witch of the West,Snow Falling on Cedars
250,How to Be Good,How to Be Good,High Fidelity,Saint Maybe,A Prayer for Owen Meany,Under the Tuscan Sun
251,How to Make an American Quilt,How to Make an American Quilt,A Map of the World,The Phantom Tollbooth,The Witness,Daisy Fay and the Miracle Man
252,I Capture the Castle,I Capture the Castle,Seabiscuit,The Hitchhiker's Guide to the Galaxy,Midnight in the Garden of Good and Evil,"Like Water for Chocolate : A Novel in Monthly Installments with Recipes, Romances, and Home Remedies"
253,I Is for Innocent,I Is for Innocent,E Is for Evidence: A Kinsey Millhone Mystery,J Is for Judgment,H Is for Homicide,F Is for Fugitive
254,I Know This Much Is True,I Know This Much Is True,The English Patient,Here on Earth,A Prayer for Owen Meany,The Angel of Darkness
255,I Know Why the Caged Bird Sings,I Know Why the Caged Bird Sings,The Long Road Home,Exclusive,A Prayer for Owen Meany,Jacob Have I Loved
256,I'll Be Seeing You,I'll Be Seeing You,You Belong To Me,Let Me Call You Sweetheart,Daddy's Little Girl,Before I Say Good-Bye
257,Icebound,Icebound,Watchers,Dark Rivers of the Heart,Skeleton Crew,Hideaway
258,Icy Sparks,Icy Sparks,House of Sand and Fog,Drowning Ruth,We Were the Mulvaneys,The Dogs of Babel
259,If Only It Were True,If Only It Were True,Remember Me,The Cradle Will Fall,The Most Wanted,The Witness
260,If Tomorrow Comes,If Tomorrow Comes,Master of the Game,The Talisman,The Guardian,Timeline
261,In Her Shoes : A Novel,In Her Shoes : A Novel,Good in Bed,The Boy Next Door,The Five People You Meet in Heaven,Confessions of a Shopaholic
262,Inner Harbor,Inner Harbor,Rising Tides,Sea Swept,Heart of the Sea,Tears of the Moon
263,Insomnia,Insomnia,Rose Madder,Desperation,The Dark Half,Pet Sematary
264,Intensity,Intensity,Dolores Claiborne,Toxin,Misery,From the Corner of His Eye
265,Interview with the Vampire,Interview with the Vampire,The Vampire Lestat,The Tale of the Body Thief,The Witching Hour,The Queen of the Damned
266,Into Thin Air : A Personal Account of the Mt. Everest Disaster,Into Thin Air : A Personal Account of the Mt. Everest Disaster,Tis : A Memoir,The Shipping News : A Novel,A Civil Action,Saint Maybe
267,Into the Wild,Into the Wild,A Widow for One Year,A Man in Full,A Year in Provence,Moo
268,Invasion,Invasion,Acceptable Risk,Chromosome 6,Tom Clancy's Op-Center,The Cradle Will Fall
269,Irish Hearts,Irish Hearts,Macgregor Brides,Heart of the Sea,Stanislaski Brothers,Macgregor Grooms
270,Isle of Dogs,Isle of Dogs,Southern Cross,Shadow Prey,Chosen Prey,The Clinic
271,It,It,The Regulators,Four Past Midnight,The Tommyknockers,Rose Madder
272,It Was on Fire When I Lay Down on It,It Was on Fire When I Lay Down on It,Hearts in Atlantis,Fortune's Rocks : A Novel,All I Really Need to Know,The Bonesetter's Daughter
273,It's Always Something,It's Always Something,The Sands of Time,The Bourne Identity,Slow Waltz in Cedar Bend,From Potter's Field
274,J Is for Judgment,J Is for Judgment,I Is for Innocent,E Is for Evidence: A Kinsey Millhone Mystery,H Is for Homicide,M Is for Malice
275,Jack and Jill,Jack and Jill,The Long Road Home,Heartbeat,While My Pretty One Sleeps,Before I Say Good-Bye
276,Jacob Have I Loved,Jacob Have I Loved,Exclusive,The Burden of Proof,Tom Clancy's Op-Center,L Is for Lawless
277,Jemima J: A Novel About Ugly Ducklings and Swans,Jemima J: A Novel About Ugly Ducklings and Swans,The Virgin Suicides,Shopaholic Takes Manhattan,"Girl, Interrupted",The Honk and Holler Opening Soon
278,Jewel,Jewel,We Were the Mulvaneys,While I Was Gone,"River, Cross My Heart",The Reader
279,Jewels of the Sun,Jewels of the Sun,Heart of the Sea,Tears of the Moon,Macgregor Brides,River's End
280,Journey,Journey,Secrets,Kaleidoscope,Five Days in Paris,The Reef
281,Jurassic Park,Jurassic Park,The Lost World,Rising Sun,Sphere,Airframe
282,K Is for Killer,K Is for Killer,D Is for Deadbeat,C Is for Corpse,E Is for Evidence: A Kinsey Millhone Mystery,B Is for Burglar
283,Kaleidoscope,Kaleidoscope,Fine Things,Message from Nam,Secrets,Zoya
284,Key of Knowledge,Key of Knowledge,Key of Light,Key of Valor,Birthright,Sacred Sins
285,Key of Light,Key of Light,Key of Knowledge,Key of Valor,Birthright,Purity in Death
286,Key of Valor,Key of Valor,Key of Knowledge,Purity in Death,Key of Light,Night Whispers
287,Killjoy,Killjoy,Mercy,"Forever... : A Novel of Good and Evil, Love and Hope",Paradise,Temptation
288,Kiss the Girls,Kiss the Girls,The Killing Game: Only One Can Win...and the Loser Dies,Violets Are Blue,Roses Are Red,Along Came a Spider
289,L Is for Lawless,L Is for Lawless,M Is for Malice,E Is for Evidence: A Kinsey Millhone Mystery,K Is for Killer,J Is for Judgment
290,Ladder of Years,Ladder of Years,The Accidental Tourist,Here on Earth,Saint Maybe,Animal Dreams
291,Lake Wobegon Days,Lake Wobegon Days,Remember Me,Stillwatch,The Giver,Sea Glass: A Novel
292,"Lamb : The Gospel According to Biff, Christ's Childhood Pal","Lamb : The Gospel According to Biff, Christ's Childhood Pal",Bleachers,Love in the Time of Cholera,A Wrinkle In Time,Tears of the Giraffe
293,Last Chance Saloon,Last Chance Saloon,The Long Road Home,The Idiot Girls' Action Adventure Club,Exclusive,Paradise
294,Last Man Standing,Last Man Standing,Mortal Prey,Over the Edge,Q Is for Quarry,Final Target
295,Left Behind: A Novel of the Earth's Last Days,Left Behind: A Novel of the Earth's Last Days,Tribulation Force: The Continuing Drama of Those Left Behind,Nicolae: The Rise of Antichrist,The Mulberry Tree,The Client
296,Let Me Call You Sweetheart,Let Me Call You Sweetheart,Before I Say Good-Bye,Weep No More My Lady,I'll Be Seeing You,Exclusive
297,Life of Pi,Life of Pi,Tell No One,The Lovely Bones: A Novel,Fried Green Tomatoes at the Whistle Stop Cafe,Fall On Your Knees
298,Lightning,Lightning,Fine Things,While My Pretty One Sleeps,Dark Rivers of the Heart,Shadowfires
299,"Like Water for Chocolate : A Novel in Monthly Installments with Recipes, Romances, and Home Remedies","Like Water for Chocolate : A Novel in Monthly Installments with Recipes, Romances, and Home Remedies",I Capture the Castle,The Celestine Prophecy,The Catcher in the Rye,The Kitchen God's Wife
300,"Like Water for Chocolate: A Novel in Monthly Installments With Recipes, Romances and Home Remedies","Like Water for Chocolate: A Novel in Monthly Installments With Recipes, Romances and Home Remedies",The Giver,The Dogs of Babel,The Temple of My Familiar,All the Pretty Horses
301,"Like Water for Chocolate: A Novel in Monthly Installments, With Recipes, Romances, and Home Remedies","Like Water for Chocolate: A Novel in Monthly Installments, With Recipes, Romances, and Home Remedies",The Phantom Tollbooth,Range of Motion,Atonement : A Novel,Anne Frank: The Diary of a Young Girl
302,Little Altars Everywhere: A Novel,Little Altars Everywhere: A Novel,The Shipping News : A Novel,STONES FROM THE RIVER,The Pull of the Moon,Seven Habits Of Highly Effective People
303,Long After Midnight,Long After Midnight,Final Target,Waiting to Exhale,River's End,Last Man Standing
304,Lord of the Flies,Lord of the Flies,Midnight in the Garden of Good and Evil,Animal Farm,Into Thin Air : A Personal Account of the Mt. Everest Disaster,To Kill a Mockingbird
305,Love in the Time of Cholera,Love in the Time of Cholera,Pigs in Heaven,Ender's Game,Matilda,Empire Falls
306,"Loves Music, Loves to Dance","Loves Music, Loves to Dance",You Belong To Me,Moonlight Becomes You,My Gal Sunday,The Face of Deception
307,Lucky : A Memoir,Lucky : A Memoir,The Lovely Bones: A Novel,The Sweet Potato Queens' Book of Love,A Civil Action,One True Thing
308,M Is for Malice,M Is for Malice,L Is for Lawless,J Is for Judgment,G Is for Gumshoe,F Is for Fugitive
309,Macgregor Brides,Macgregor Brides,Portrait in Death,Stanislaski Brothers,The Reef,Jewels of the Sun
310,Macgregor Grooms,Macgregor Grooms,Stanislaski Brothers,Face the Fire,The Reef,Irish Hearts
311,Master of the Game,Master of the Game,If Tomorrow Comes,The Long Road Home,The Bad Place,The Tommyknockers
312,Matilda,Matilda,Love in the Time of Cholera,Holes,Bastard Out of Carolina,The Angel of Darkness
313,Me Talk Pretty One Day,Me Talk Pretty One Day,Naked,The Idiot Girls' Action Adventure Club,SHIPPING NEWS,Coraline
314,"Men Are from Mars, Women Are from Venus: A Practical Guide for Improving Communication and Getting What You Want in Your Relationships","Men Are from Mars, Women Are from Venus: A Practical Guide for Improving Communication and Getting What You Want in Your Relationships",Jack and Jill,Exclusive,The Clinic,Smilla's Sense of Snow
315,Mercy,Mercy,Killjoy,"Forever... : A Novel of Good and Evil, Love and Hope",Heartbreaker,Purity in Death
316,Message from Nam,Message from Nam,The Long Road Home,Dawn,Kaleidoscope,Fine Things
317,Message in a Bottle,Message in a Bottle,Nights in Rodanthe,The Mulberry Tree,A Walk to Remember,River's End
318,Middlesex: A Novel,Middlesex: A Novel,I Know This Much Is True,The Secret Life of Bees,The Da Vinci Code,Prodigal Summer
319,Midnight,Midnight,Winter Moon,Dark Rivers of the Heart,Shadowfires,While My Pretty One Sleeps
320,Midnight Bayou,Midnight Bayou,River's End,The Mulberry Tree,Three Fates,Birthright
321,Midnight in the Garden of Good and Evil,Midnight in the Garden of Good and Evil,A Wrinkle in Time,The Temple of My Familiar,Seabiscuit,Pigs in Heaven
322,Midnight in the Garden of Good and Evil: A Savannah Story,Midnight in the Garden of Good and Evil: A Savannah Story,The Blind Assassin,Three Junes,The Poisonwood Bible: A Novel,"Girl, Interrupted"
323,Midwives: A Novel,Midwives: A Novel,House of Sand and Fog,The Girls' Guide to Hunting and Fishing,A Map of the World,Peace Like a River
324,Mind Prey,Mind Prey,Sudden Prey,Mortal Prey,Rules of Prey,Chosen Prey
325,Mirror Image,Mirror Image,Five Days in Paris,Message from Nam,The Long Road Home,Purity in Death
326,Misery,Misery,The Tommyknockers,It,Bag of Bones,Thinner
327,Miss Julia Speaks Her Mind : A Novel,Miss Julia Speaks Her Mind : A Novel,The Summerhouse,At Home in Mitford,Hard Eight : A Stephanie Plum Novel,The Devil Wears Prada : A Novel
328,Montana Sky,Montana Sky,Carnal Innocence,The Reef,Homeport,Macgregor Brides
329,Moo,Moo,The Hours : A Novel,Plainsong,A Thousand Acres,Into the Wild
330,Moonlight Becomes You,Moonlight Becomes You,"Loves Music, Loves to Dance",The Face of Deception,You Belong To Me,Daddy's Little Girl
331,Morality for Beautiful Girls,Morality for Beautiful Girls,Tears of the Giraffe,The No. 1 Ladies' Detective Agency,Digital Fortress : A Thriller,"Welcome to the World, Baby Girl!"
332,Mortal Fear,Mortal Fear,Mind Prey,Mortal Prey,Rules of Prey,Final Target
333,Mortal Prey,Mortal Prey,Chosen Prey,Last Man Standing,Mind Prey,Easy Prey
334,Mother of Pearl,Mother of Pearl,A Patchwork Planet,We Were the Mulvaneys,Exclusive,"River, Cross My Heart"
335,Mr. Murder,Mr. Murder,Dark Rivers of the Heart,We'll Meet Again,No Greater Love,Icebound
336,My Gal Sunday,My Gal Sunday,Before I Say Good-Bye,"Loves Music, Loves to Dance",You Belong To Me,Weep No More My Lady
337,Mystic River,Mystic River,Cold Mountain,The Switch,Cry Wolf,Saving Faith
338,N Is for Noose,N Is for Noose,B Is for Burglar,E Is for Evidence: A Kinsey Millhone Mystery,C Is for Corpse,Southern Cross
339,Naked,Naked,Me Talk Pretty One Day,Bastard Out of Carolina,Brave New World,Bridget Jones : The Edge of Reason
340,Needful Things,Needful Things,Pet Sematary,Insomnia,Christine,The Tommyknockers
341,Nerd in Shining Armor,Nerd in Shining Armor,Key of Valor,Purity in Death,Full Tilt,"Forever... : A Novel of Good and Evil, Love and Hope"
342,Neverwhere,Neverwhere,It Was on Fire When I Lay Down on It,Wizard and Glass,Fortune's Rocks : A Novel,Foucault's Pendulum
343,Nickel and Dimed: On Getting By in America,Nickel and Dimed: On Getting By in America,The Glass Lake,The Lovely Bones: A Novel,White Oleander : A Novel,Cry Wolf
344,Nicolae: The Rise of Antichrist,Nicolae: The Rise of Antichrist,Left Behind: A Novel of the Earth's Last Days,Tribulation Force: The Continuing Drama of Those Left Behind,The Burden of Proof,Violets Are Blue
345,Night,Night,Exclusive,Before I Say Good-Bye,Degree of Guilt,Let Me Call You Sweetheart
346,Night Prey,Night Prey,Rules of Prey,Shadow Prey,Mind Prey,Easy Prey
347,Night Sins,Night Sins,Body of Lies,Unnatural Exposure,Cry Wolf,The Switch
348,Night Whispers,Night Whispers,Portrait in Death,Macgregor Brides,Small Town Girl,Purity in Death
349,Nightmares and Dreamscapes,Nightmares and Dreamscapes,Rose Madder,Four Past Midnight,The Dark Half,Insomnia
350,Nights in Rodanthe,Nights in Rodanthe,The Mulberry Tree,Dark Angel,A Walk to Remember,GARDEN OF SHADOWS
351,No Greater Love,No Greater Love,Five Days in Paris,The Long Road Home,Heartbeat,Message from Nam
352,No Safe Place,No Safe Place,A Civil Action,Silent Witness,The Temple of My Familiar,A Thousand Acres
353,Notes from a Small Island,Notes from a Small Island,High Fidelity,How to Be Good,About a Boy,Blessings
354,Nothing Lasts Forever,Nothing Lasts Forever,Dust to Dust,Fat Tuesday,Cat and Mouse,Colony
355,Now You See Her,Now You See Her,Crazy for You,The Witness,Suzanne's Diary for Nicholas,The Most Wanted
356,O is for Outlaw,O is for Outlaw,I Is for Innocent,C Is for Corpse,H Is for Homicide,Q Is for Quarry
357,On the Street Where You Live,On the Street Where You Live,Weep No More My Lady,I'll Be Seeing You,You Belong To Me,While My Pretty One Sleeps
358,One Door Away from Heaven,One Door Away from Heaven,By the Light of the Moon,Everything's Eventual : 14 Dark Tales,Fear Nothing,Pet Sematary
359,One True Thing,One True Thing,Blessings,The Poisonwood Bible,Girl with a Pearl Earring,Evening Class
360,One for the Money,One for the Money,Two for the Dough,Four To Score,High Five,Hard Eight : A Stephanie Plum Novel
361,Oryx and Crake,Oryx and Crake,Presumed Innocent,The Girl Who Loved Tom Gordon,The Crimson Petal and the White,No Safe Place
362,Outlander,Outlander,Voyager,Drums of Autumn,Dragonfly in Amber,Fortune's Rocks: A Novel
363,Over the Edge,Over the Edge,Last Man Standing,Mortal Prey,Harvest,Mind Prey
364,P Is for Peril,P Is for Peril,D Is for Deadbeat,B Is for Burglar,H Is for Homicide,G Is for Gumshoe
365,Paradise,Paradise,Killjoy,Welcome to Temptation,Macgregor Brides,Night Whispers
366,Patriot Games,Patriot Games,The Cardinal of the Kremlin,Clear and Present Danger,Executive Orders,The Hunt for Red October
367,Pay It Forward,Pay It Forward,Hearts in Atlantis,Wild Animus,A Walk to Remember,Foucault's Pendulum
368,Peace Like a River,Peace Like a River,Midwives: A Novel,Wicked: The Life and Times of the Wicked Witch of the West,Confessions of an Ugly Stepsister : A Novel,House of Sand and Fog
369,Pet Sematary,Pet Sematary,Cujo,It,Insomnia,Skeleton Crew
370,Phantoms,Phantoms,Whispers,Pet Sematary,GARDEN OF SHADOWS,Fear Nothing
371,Pigs in Heaven,Pigs in Heaven,Love in the Time of Cholera,The Poisonwood Bible,A Thousand Acres,Midnight in the Garden of Good and Evil
372,Plainsong,Plainsong,Three Junes,Moo,Charming Billy,Midnight in the Garden of Good and Evil: A Savannah Story
373,Pleading Guilty,Pleading Guilty,Absolute Power,Rainbow Six,Wuthering Heights,The Girl Who Loved Tom Gordon
374,Plum Island,Plum Island,Disclosure,Point of Origin,A Man in Full,Exclusive
375,Point of Origin,Point of Origin,Black Notice,Cruel and Unusual,The Body Farm,Unnatural Exposure
376,Politically Correct Bedtime Stories: Modern Tales for Our Life and Times,Politically Correct Bedtime Stories: Modern Tales for Our Life and Times,Don't Stand Too Close to a Naked Man,Saving Faith,Into Thin Air : A Personal Account of the Mt. Everest Disaster,Saint Maybe
377,Pop Goes the Weasel,Pop Goes the Weasel,The Clinic,1st to Die: A Novel,Cat and Mouse,The Woman Next Door
378,Portrait in Death,Portrait in Death,Purity in Death,Macgregor Brides,Night Whispers,Sacred Sins
379,Possession : A Romance,Possession : A Romance,The Reptile Room,Charlotte's Web,Fingersmith,The Eyre Affair: A Novel
380,Postmortem,Postmortem,The Clinic,The Poisonwood Bible,Cruel and Unusual,Exclusive
381,Practical Magic,Practical Magic,The Celestine Prophecy,You Belong To Me,Final Target,The Book of Ruth
382,Presumed Innocent,Presumed Innocent,Oryx and Crake,The Cardinal of the Kremlin,A Civil Action,Watchers
383,Pretend You Don't See Her,Pretend You Don't See Her,Before I Say Good-Bye,We'll Meet Again,My Gal Sunday,While My Pretty One Sleeps
384,Pride and Prejudice,Pride and Prejudice,The English Patient,How to Be Good,Two for the Dough,Rising Sun
385,Primary Colors: A Novel of Politics,Primary Colors: A Novel of Politics,Wuthering Heights,Dances With Wolves,Cold Mountain,Digital Fortress : A Thriller
386,Prime Cut,Prime Cut,Dying for Chocolate,CAT'S EYE,The Bachelor,Hard Eight : A Stephanie Plum Novel
387,Prodigal Summer,Prodigal Summer,Zen and the Art of Motorcycle Maintenance: An Inquiry into Values,The Poisonwood Bible,Love in the Time of Cholera,The Bonesetter's Daughter
388,Purity in Death,Purity in Death,Portrait in Death,Macgregor Brides,The Reef,Sacred Sins
389,Q Is for Quarry,Q Is for Quarry,O is for Outlaw,Last Man Standing,The Face of Deception,P Is for Peril
390,Rainbow Six,Rainbow Six,Clear and Present Danger,The Cardinal of the Kremlin,Red Storm Rising,Sudden Prey
391,Range of Motion,Range of Motion,The Pull of the Moon,Deck the Halls,Fine Things,STONES FROM THE RIVER
392,Rebecca,Rebecca,The Edge,Cry Wolf,Fried Green Tomatoes at the Whistle Stop Cafe,I Capture the Castle
393,Red Dragon,Red Dragon,Hannibal,Silence of the Lambs,Red Storm Rising,Jurassic Park
394,Red Storm Rising,Red Storm Rising,Clear and Present Danger,Rainbow Six,The Sum of All Fears,Debt of Honor
395,Remember Me,Remember Me,The Cradle Will Fall,Exclusive,Before I Say Good-Bye,Let Me Call You Sweetheart
396,Riptide,Riptide,Night Whispers,Portrait in Death,Face the Fire,Macgregor Brides
397,Rising Sun,Rising Sun,Jurassic Park,The Bonfire of the Vanities,Fatal Cure,The Princess Bride: S Morgenstern's Classic Tale of True Love and High Adventure
398,Rising Tides,Rising Tides,Inner Harbor,Sea Swept,The Reef,Heart of the Sea
399,River's End,River's End,Sanctuary,Midnight Bayou,Heart of the Sea,Jewels of the Sun
400,"River, Cross My Heart","River, Cross My Heart",We Were the Mulvaneys,House of Sand and Fog,Vinegar Hill,A Lesson Before Dying
401,Rose Madder,Rose Madder,Four Past Midnight,The Regulators,It,Insomnia
402,Roses Are Red,Roses Are Red,Kiss the Girls,Violets Are Blue,1st to Die: A Novel,The Murder Book
403,Rules of Prey,Rules of Prey,Night Prey,Mind Prey,Shadow Prey,The Door to December
404,SHIPPING NEWS,SHIPPING NEWS,The Phantom Tollbooth,A Map of the World,The Alchemist: A Fable About Following Your Dream,The Weight of Water : A Novel Tag: Author of Resistance and Strange Fits of Passion
405,STONES FROM THE RIVER,STONES FROM THE RIVER,Range of Motion,The Book of Ruth,Vinegar Hill,Cold Mountain : A Novel
406,Sacred Sins,Sacred Sins,The Reef,Portrait in Death,Purity in Death,Key of Knowledge
407,Saint Maybe,Saint Maybe,Here on Earth,Ladder of Years,How to Be Good,The Honk and Holler Opening Soon
408,Sanctuary,Sanctuary,River's End,Homeport,Carnal Innocence,Sea Swept
409,Saving Faith,Saving Faith,Last Man Standing,The Sweet Potato Queens' Book of Love,C Is for Corpse,Harvest
410,Scarlet Feather,Scarlet Feather,Evening Class,Tara Road,Winter Solstice,The Return Journey
411,"Scarlett : The Sequel to Margaret Mitchell's \Gone With the Wind\""""","Scarlett : The Sequel to Margaret Mitchell's \Gone With the Wind\""""",The Plains of Passage,Fine Things,Fat Tuesday,Seven Habits Of Highly Effective People
412,Schindler's List,Schindler's List,The Temple of My Familiar,The Diary of Ellen Rimbauer: My Life at Rose Red,"Scarlett : The Sequel to Margaret Mitchell's \Gone With the Wind\""""",ANGELA'S ASHES
413,Sea Glass: A Novel,Sea Glass: A Novel,Nights in Rodanthe,Blue Diary,The Clan of the Cave Bear,The Hours: A Novel
414,Sea Swept,Sea Swept,Inner Harbor,Rising Tides,Heart of the Sea,Sanctuary
415,Seabiscuit,Seabiscuit,I Capture the Castle,The Hundred Secret Senses,Midnight in the Garden of Good and Evil,The Mulberry Tree
416,Seabiscuit: An American Legend,Seabiscuit: An American Legend,The Weight of Water : A Novel Tag: Author of Resistance and Strange Fits of Passion,Holes,Breathing Lessons,Slammerkin
417,Second Nature,Second Nature,Hearts in Atlantis,All the Pretty Horses,Exclusive,Pop Goes the Weasel
418,Secret History,Secret History,The Alienist,Ladder of Years,The Blind Assassin,Balzac and the Little Chinese Seamstress : A Novel
419,Secrets,Secrets,Fine Things,Kaleidoscope,Zoya,Exclusive
420,Seize the Night,Seize the Night,Fear Nothing,By the Light of the Moon,Winter Moon,One Door Away from Heaven
421,Seven Habits Of Highly Effective People,Seven Habits Of Highly Effective People,"Scarlett : The Sequel to Margaret Mitchell's \Gone With the Wind\""""",Black and Blue,Little Altars Everywhere: A Novel,Welcome to Temptation
422,Seven Up,Seven Up,Hard Eight : A Stephanie Plum Novel,Four To Score,High Five,Three To Get Deadly : A Stephanie Plum Novel
423,Shadow Prey,Shadow Prey,Night Prey,Rules of Prey,Body of Evidence,H Is for Homicide
424,Shadowfires,Shadowfires,Winter Moon,Midnight,Fear Nothing,Lightning
425,Shattered,Shattered,Whispers,Beach House,Hemlock Bay,By the Light of the Moon
426,She's Come Undone,She's Come Undone,Empire Falls,The Lovely Bones: A Novel,The Bonesetter's Daughter,We Were the Mulvaneys
427,Shell Seekers,Shell Seekers,Coming Home,Winter Solstice,Chicken Soup for the Soul,Echoes
428,Shopaholic Takes Manhattan,Shopaholic Takes Manhattan,Shopaholic Ties the Knot,The Devil Wears Prada : A Novel,Confessions of a Shopaholic,Tara Road
429,Shopaholic Ties the Knot,Shopaholic Ties the Knot,Shopaholic Takes Manhattan,Jack and Jill,Confessions of a Shopaholic,While My Pretty One Sleeps
430,Sick Puppy,Sick Puppy,Final Target,Skeleton Crew,Shadowfires,The Tommyknockers
431,Silence of the Lambs,Silence of the Lambs,Red Dragon,The Vampire Lestat,Wizard and Glass,Desperation
432,Silent Witness,Silent Witness,Exclusive,Hornet's Nest,The Clinic,Violets Are Blue
433,Skeleton Crew,Skeleton Crew,The Tommyknockers,The Dark Half,Pet Sematary,It
434,Skipping Christmas,Skipping Christmas,Fine Things,The Wedding,Night Whispers,Kaleidoscope
435,Slammerkin,Slammerkin,Blood Work,Sacred Sins,Montana Sky,Cry Wolf
436,Sleepers,Sleepers,Everything's Eventual : 14 Dark Tales,No Safe Place,The Drawing of the Three,Pride and Prejudice
437,Slow Waltz in Cedar Bend,Slow Waltz in Cedar Bend,The Woman Next Door,It's Always Something,The Carousel,Vinegar Hill
438,Small Town Girl,Small Town Girl,That Camden Summer,Night Whispers,The Jester,The Mulberry Tree
439,Smart Women,Smart Women,Wifey,The Killing Game: Only One Can Win...and the Loser Dies,Fatal Cure,Summer Sisters
440,Smilla's Sense of Snow,Smilla's Sense of Snow,All the Pretty Horses,Hearts in Atlantis,Harvest,Chromosome 6
441,Snow Falling on Cedars,Snow Falling on Cedars,While I Was Gone,Cry Wolf,White Oleander : A Novel,The Secret Life of Bees
442,Sole Survivor,Sole Survivor,Hideaway,Dark Rivers of the Heart,I'll Be Seeing You,Before I Say Good-Bye
443,Song of Solomon,Song of Solomon,"Breath, Eyes, Memory",The God of Small Things,Beloved,Mother of Pearl
444,Songs in Ordinary Time,Songs in Ordinary Time,Vinegar Hill,While I Was Gone,The Reader,Jewel
445,Sophie's World: A Novel About the History of Philosophy,Sophie's World: A Novel About the History of Philosophy,Bastard Out of Carolina,Tales of a Fourth Grade Nothing,How Stella Got Her Groove Back,Suzanne's Diary for Nicholas
446,Southern Cross,Southern Cross,Isle of Dogs,Cruel and Unusual,The Clinic,The Body Farm
447,Sphere,Sphere,Airframe,Absolute Power,Jurassic Park,"Welcome to the World, Baby Girl!"
448,Standoff,Standoff,Unspeakable,The Summerhouse,Sacred Sins,The Woman Next Door
449,Stanislaski Brothers,Stanislaski Brothers,Tears of the Moon,Macgregor Brides,Midnight Bayou,The Reef
450,Still Waters,Still Waters,Night Sins,Mortal Prey,When the Wind Blows,The Face of Deception
451,Stillwatch,Stillwatch,You Belong To Me,I'll Be Seeing You,"Loves Music, Loves to Dance",While My Pretty One Sleeps
452,Strangers,Strangers,The Regulators,The Bad Place,Bag of Bones,The Tommyknockers
453,Stupid White Men ...and Other Sorry Excuses for the State of the Nation!,Stupid White Men ...and Other Sorry Excuses for the State of the Nation!,Contact,The Robber Bride,"Dude, Where's My Country?",Rising Sun
454,Sudden Prey,Sudden Prey,Mind Prey,Eyes of a Child,Mortal Prey,Easy Prey
455,Summer Pleasures,Summer Pleasures,"Truly, Madly Manhattan",The Reef,Engaging The Enemy,Sacred Sins
456,Summer Sisters,Summer Sisters,Eyes of a Child,Wifey,Smart Women,Family Album
457,Suzanne's Diary for Nicholas,Suzanne's Diary for Nicholas,The Most Wanted,Nights in Rodanthe,The Notebook,Now You See Her
458,Tales of a Fourth Grade Nothing,Tales of a Fourth Grade Nothing,The Lottery Winner : Alvirah And Willy Stories,Gorky Park,F Is for Fugitive,G Is for Gumshoe
459,Taltos: Lives of the Mayfair Witches,Taltos: Lives of the Mayfair Witches,Violin,The Tale of the Body Thief,The Queen of the Damned,The Witching Hour
460,Tara Road,Tara Road,Scarlet Feather,Evening Class,Death du Jour,Echoes
461,Tears of the Giraffe,Tears of the Giraffe,The No. 1 Ladies' Detective Agency,Morality for Beautiful Girls,Empire Falls,Balzac and the Little Chinese Seamstress : A Novel
462,Tears of the Moon,Tears of the Moon,Heart of the Sea,Jewels of the Sun,Stanislaski Brothers,Inner Harbor
463,Tell Me Lies,Tell Me Lies,The Partner,Crazy for You,The Runaway Jury,The Princess Bride: S Morgenstern's Classic Tale of True Love and High Adventure
464,Tell No One,Tell No One,The Next Accident,The Gunslinger,Violets Are Blue,Whispers
465,Temptation,Temptation,Killjoy,Birthright,Dangerous,Heartbreaker
466,That Camden Summer,That Camden Summer,Small Town Girl,Night Whispers,Midnight Bayou,GARDEN OF SHADOWS
467,The Accidental Tourist,The Accidental Tourist,Ladder of Years,Second Nature,The Return Journey,Coming Home
468,The Alchemist: A Fable About Following Your Dream,The Alchemist: A Fable About Following Your Dream,The Witching Hour,SHIPPING NEWS,The Fourth Hand,The Loop
469,The Alibi,The Alibi,The First Counsel,The Winner,The Switch,A Thin Dark Line
470,The Alienist,The Alienist,Cry Wolf,The Poisonwood Bible,The Cradle Will Fall,Secret History
471,The Amber Spyglass,The Amber Spyglass,The Subtle Knife,The Golden Compass,The Eyre Affair: A Novel,A Fine Balance
472,The Andromeda Strain,The Andromeda Strain,Colony,The Plains of Passage,Wild Animus,All the Pretty Horses
473,The Angel of Darkness,The Angel of Darkness,A Man in Full,Blood Work,The Alienist,I Know This Much Is True
474,The Bachelor,The Bachelor,Fast Women,The Woman Next Door,Nerd in Shining Armor,Faking It
475,The Bad Beginning,The Bad Beginning,The Reptile Room,Chicken Soup for the Woman's Soul,Wicked: The Life and Times of the Wicked Witch of the West,"Angus, Thongs and Full-Frontal Snogging: Confessions of Georgia Nicolson"
476,The Bad Place,The Bad Place,Dark Rivers of the Heart,Strangers,Hideaway,The Door to December
477,The Beach House,The Beach House,The Face of Deception,2nd Chance,The Woman Next Door,The Devil Wears Prada : A Novel
478,The Bean Trees,The Bean Trees,Animal Dreams,Bel Canto: A Novel,Pigs in Heaven,To Kill a Mockingbird
479,The Blind Assassin,The Blind Assassin,Midnight in the Garden of Good and Evil: A Savannah Story,Bastard Out of Carolina,Secret History,The Robber Bride
480,The Blue Nowhere : A Novel,The Blue Nowhere : A Novel,Key of Knowledge,Body of Lies,Cat and Mouse,Daddy's Little Girl
481,The Body Farm,The Body Farm,From Potter's Field,All That Remains,Cruel and Unusual,Unnatural Exposure
482,The Bonesetter's Daughter,The Bonesetter's Daughter,The Kitchen God's Wife,The Hours : A Novel,The Red Tent,The Hundred Secret Senses
483,The Bonfire of the Vanities,The Bonfire of the Vanities,A Thousand Acres,The Eyre Affair: A Novel,Rising Sun,The Bad Beginning
484,The Book of Ruth,The Book of Ruth,STONES FROM THE RIVER,Here on Earth,The Lovely Bones: A Novel,Bastard Out of Carolina
485,The Bourne Identity,The Bourne Identity,The Pelican Brief,It's Always Something,The Partner,Secrets
486,The Bourne Supremacy,The Bourne Supremacy,River's End,Homeport,The Bourne Ultimatum,Harvest
487,The Bourne Ultimatum,The Bourne Ultimatum,The Copper Beech,The Bourne Supremacy,Homeport,Harvest
488,The Boy Next Door,The Boy Next Door,In Her Shoes : A Novel,The Bachelor,Silent Witness,Key of Light
489,The Brethren,The Brethren,The Partner,The Testament,The Street Lawyer,A Painted House
490,The Bridges of Madison County,The Bridges of Madison County,Accident,Bridget Jones's Diary,That Camden Summer,Nights in Rodanthe
491,The Burden of Proof,The Burden of Proof,Jacob Have I Loved,Eyes of a Child,Nicolae: The Rise of Antichrist,The Genesis Code
492,The Cardinal of the Kremlin,The Cardinal of the Kremlin,Executive Orders,Patriot Games,Without Remorse,Debt of Honor
493,The Carousel,The Carousel,The Woman Next Door,The Reader,The Wedding,The Copper Beech
494,The Catcher in the Rye,The Catcher in the Rye,The Hitchhiker's Guide to the Galaxy,The Nanny Diaries: A Novel,A Wrinkle in Time,To Kill a Mockingbird
495,The Celestine Prophecy,The Celestine Prophecy,Hearts in Atlantis,Winter Solstice,Practical Magic,The English Patient
496,The Chamber,The Chamber,The Rainmaker,The Client,The Firm,The Street Lawyer
497,The Cider House Rules,The Cider House Rules,The English Patient,Girl in Hyacinth Blue,The God of Small Things,The Five People You Meet in Heaven
498,The Clan of the Cave Bear,The Clan of the Cave Bear,The Valley of Horses,The Plains of Passage,Sea Glass: A Novel,The Red Tent
499,The Client,The Client,The Pelican Brief,The Chamber,A Time to Kill,The Rainmaker
500,The Clinic,The Clinic,H Is for Homicide,Exclusive,All That Remains,Cruel and Unusual
501,The Color Purple,The Color Purple,Wuthering Heights,Schindler's List,The Prince of Tides,Jacob Have I Loved
502,The Color of Water: A Black Man's Tribute to His White Mother,The Color of Water: A Black Man's Tribute to His White Mother,Saint Maybe,Jemima J: A Novel About Ugly Ducklings and Swans,Blue Diary,The Lovely Bones: A Novel
503,The Copper Beech,The Copper Beech,Evening Class,The Bourne Ultimatum,Cold Sassy Tree,Harvest
504,The Cradle Will Fall,The Cradle Will Fall,Exclusive,Eyes of a Child,Before I Say Good-Bye,While My Pretty One Sleeps
505,The Crimson Petal and the White,The Crimson Petal and the White,Fortune's Rocks : A Novel,The Hours : A Novel,A Civil Action,Breathing Lessons
506,The Da Vinci Code,The Da Vinci Code,Angels and Demons,Touching Evil,Saving Faith,The Sweet Potato Queens' Book of Love
507,The Dark Half,The Dark Half,The Tommyknockers,Gerald's Game,Four Past Midnight,Skeleton Crew
508,The Deep End of the Ocean,The Deep End of the Ocean,Along Came a Spider,The Pull of the Moon,All the Pretty Horses,The Shipping News : A Novel
509,The Devil Wears Prada : A Novel,The Devil Wears Prada : A Novel,Shopaholic Takes Manhattan,Confessions of a Shopaholic,The Nanny Diaries: A Novel,The Hours : A Novel
510,The Diary of Ellen Rimbauer: My Life at Rose Red,The Diary of Ellen Rimbauer: My Life at Rose Red,The Regulators,Nightmares and Dreamscapes,It,Foucault's Pendulum
511,The Divine Secrets of the Ya-Ya Sisterhood: A Novel,The Divine Secrets of the Ya-Ya Sisterhood: A Novel,The Shipping News : A Novel,Four To Score,The Nanny Diaries: A Novel,Tears of the Giraffe
512,The Dogs of Babel,The Dogs of Babel,The Hours: A Novel,Chosen Prey,The Jester,"Like Water for Chocolate: A Novel in Monthly Installments With Recipes, Romances and Home Remedies"
513,The Door to December,The Door to December,The Bad Place,Rules of Prey,Strangers,The Lottery Winner : Alvirah And Willy Stories
514,The Drawing of the Three,The Drawing of the Three,The Gunslinger,Wizard and Glass,The Tommyknockers,Four Past Midnight
515,The Edge,The Edge,Cry Wolf,Mind Prey,Hemlock Bay,The Switch
516,The Eight,The Eight,Year of Wonders,Night Sins,The Alibi,No Safe Place
517,The Empty Chair,The Empty Chair,P Is for Peril,Sudden Prey,The Summons,Unnatural Exposure
518,The English Patient,The English Patient,The God of Small Things,The Hours : A Novel,The Celestine Prophecy,The Cider House Rules
519,The Eyre Affair: A Novel,The Eyre Affair: A Novel,Confessions of an Ugly Stepsister : A Novel,The Amber Spyglass,The Bonfire of the Vanities,The Bad Beginning
520,The Face of Deception,The Face of Deception,"Loves Music, Loves to Dance",Moonlight Becomes You,You Belong To Me,Body of Lies
521,The Fellowship of the Ring,The Fellowship of the Ring,The Two Towers,The Return of the King,Harry Potter and the Prisoner of Azkaban,Harry Potter and the Goblet of Fire
522,The Firm,The Firm,The Rainmaker,The Pelican Brief,The Chamber,The Client
523,The First Counsel,The First Counsel,Debt of Honor,Exclusive,The Killing Game: Only One Can Win...and the Loser Dies,The Alibi
524,The Five People You Meet in Heaven,The Five People You Meet in Heaven,"Tuesdays with Morrie: An Old Man, a Young Man, and Life's Greatest Lesson",In Her Shoes : A Novel,The Woman Next Door,The Notebook
525,The Fourth Hand,The Fourth Hand,A Prayer for Owen Meany,The Hours : A Novel,Good Omens,The Burden of Proof
526,The General's Daughter,The General's Daughter,Four Blind Mice,Fat Tuesday,Pop Goes the Weasel,Rainbow Six
527,The Genesis Code,The Genesis Code,The Simple Truth,A Civil Action,The Burden of Proof,Last Chance Saloon
528,The Gift,The Gift,Message from Nam,Night Whispers,The Long Road Home,The Mulberry Tree
529,The Girl Who Loved Tom Gordon,The Girl Who Loved Tom Gordon,The Regulators,It,Rose Madder,Four Past Midnight
530,The Girls' Guide to Hunting and Fishing,The Girls' Guide to Hunting and Fishing,The Sweet Potato Queens' Book of Love,Midwives: A Novel,The Virgin Suicides,The Nanny Diaries: A Novel
531,The Giver,The Giver,"Like Water for Chocolate: A Novel in Monthly Installments With Recipes, Romances and Home Remedies",Exclusive,Bridge to Terabithia,The Temple of My Familiar
532,The Glass Lake,The Glass Lake,Circle of Friends,Echoes,Dark Angel,Ellen Foster
533,The God of Small Things,The God of Small Things,The English Patient,A Widow for One Year,Song of Solomon,Blessings
534,The Golden Compass,The Golden Compass,The Subtle Knife,The Amber Spyglass,American Gods,The Eyre Affair: A Novel
535,The Great Gatsby,The Great Gatsby,How to Be Good,The Catcher in the Rye,The English Patient,Beloved
536,The Green Mile,The Green Mile,Skeleton Crew,It,Pet Sematary,The Dark Half
537,The Guardian,The Guardian,Purity in Death,Key of Valor,The Long Road Home,The Rescue
538,The Gunslinger,The Gunslinger,The Drawing of the Three,Black House,Wizard and Glass,The Dark Half
539,The Handmaid's Tale,The Handmaid's Tale,Bastard Out of Carolina,A Civil Action,1984,The Kitchen God's Wife
540,The Hitchhiker's Guide to the Galaxy,The Hitchhiker's Guide to the Galaxy,The Hours : A Novel,Pet Sematary,Good Omens,I Capture the Castle
541,The Hobbit : The Enchanting Prelude to The Lord of the Rings,The Hobbit : The Enchanting Prelude to The Lord of the Rings,The Two Towers,The Fellowship of the Ring,Where the Red Fern Grows,The Return of the King
542,The Honk and Holler Opening Soon,The Honk and Holler Opening Soon,Saint Maybe,Mother of Pearl,A Lesson Before Dying,Wicked: The Life and Times of the Wicked Witch of the West
543,The Horse Whisperer,The Horse Whisperer,The Loop,Drums of Autumn,The Alibi,Envy
544,The Hot Zone,The Hot Zone,Chromosome 6,The Shipping News : A Novel,The Sweet Potato Queens' Book of Love,Pigs in Heaven
545,The Hours : A Novel,The Hours : A Novel,The Hitchhiker's Guide to the Galaxy,A Thousand Acres,The English Patient,The Bonesetter's Daughter
546,The Hours: A Novel,The Hours: A Novel,The Dogs of Babel,Blue Diary,The Temple of My Familiar,The Shipping News : A Novel
547,The House of the Spirits,The House of the Spirits,You Belong To Me,Last Chance Saloon,The Lost World,The Cradle Will Fall
548,The Hundred Secret Senses,The Hundred Secret Senses,Bridget Jones: The Edge of Reason,Seabiscuit,The Bonesetter's Daughter,The Kitchen God's Wife
549,The Hunt for Red October,The Hunt for Red October,Clear and Present Danger,Patriot Games,Debt of Honor,Absolute Power
550,The Idiot Girls' Action Adventure Club,The Idiot Girls' Action Adventure Club,Last Chance Saloon,The Sweet Potato Queens' Book of Love,Me Talk Pretty One Day,A Wrinkle in Time
551,The Jester,The Jester,Touching Evil,Small Town Girl,The Dogs of Babel,Killjoy
552,The Joy Luck Club,The Joy Luck Club,The Kitchen God's Wife,The Hundred Secret Senses,The Bonesetter's Daughter,The Other Boleyn Girl
553,The Killing Game: Only One Can Win...and the Loser Dies,The Killing Game: Only One Can Win...and the Loser Dies,Dust to Dust,Kiss the Girls,Message from Nam,The Face of Deception
554,The King of Torts,The King of Torts,Bleachers,The Reptile Room,Black House,Cruel and Unusual
555,The Kiss,The Kiss,The Reef,The First Counsel,A Man Named Dave: A Story of Triumph and Forgiveness,Granny Dan
556,The Kitchen God's Wife,The Kitchen God's Wife,The Bonesetter's Daughter,The Joy Luck Club,Tears of the Giraffe,The Sweet Potato Queens' Book of Love
557,The Last Precinct,The Last Precinct,Night Sins,Unnatural Exposure,Death du Jour,Cry Wolf
558,The Last Time They Met : A Novel,The Last Time They Met : A Novel,The Woman Next Door,The Rapture of Canaan,The Dogs of Babel,A Bend in the Road
559,The Little Prince,The Little Prince,The Poisonwood Bible,Prodigal Summer,The Celestine Prophecy,Anne of Avonlea
560,The Long Road Home,The Long Road Home,Message from Nam,Exclusive,Heartbeat,Five Days in Paris
561,The Loop,The Loop,The Horse Whisperer,Final Target,Postmortem,The Alchemist: A Fable About Following Your Dream
562,The Lost World,The Lost World,Jurassic Park,The Sands of Time,Colony,The House of the Spirits
563,The Lottery Winner : Alvirah And Willy Stories,The Lottery Winner : Alvirah And Willy Stories,Winter Moon,Call of the Wild,Hideaway,Shadowfires
564,The Lovely Bones: A Novel,The Lovely Bones: A Novel,Where the Heart Is,Good in Bed,Drowning Ruth,The Book of Ruth
565,The Mists of Avalon,The Mists of Avalon,Harry Potter and the Sorcerer's Stone,Year of Wonders,Drowning Ruth,Harry Potter and the Chamber of Secrets
566,The Most Wanted,The Most Wanted,Dark Angel,The Killing Game: Only One Can Win...and the Loser Dies,Suzanne's Diary for Nicholas,Wanderlust
567,The Mulberry Tree,The Mulberry Tree,"Forever... : A Novel of Good and Evil, Love and Hope",Midnight Bayou,Three Fates,Killjoy
568,The Mummy or Ramses the Damned,The Mummy or Ramses the Damned,The Witching Hour,I Capture the Castle,The Queen of the Damned,Fried Green Tomatoes at the Whistle Stop Cafe
569,The Murder Book,The Murder Book,Flesh and Blood,2nd Chance,Roses Are Red,Isle of Dogs
570,The Nanny Diaries: A Novel,The Nanny Diaries: A Novel,The Devil Wears Prada : A Novel,The Hours: A Novel,The Girls' Guide to Hunting and Fishing,A Lesson Before Dying
571,The Next Accident,The Next Accident,2nd Chance,Full Tilt,Tell No One,Hard Eight : A Stephanie Plum Novel
572,The No. 1 Ladies' Detective Agency,The No. 1 Ladies' Detective Agency,Tears of the Giraffe,Morality for Beautiful Girls,Under the Tuscan Sun,The Crimson Petal and the White
573,The Notebook,The Notebook,A Walk to Remember,The Rescue,One Door Away from Heaven,Toxin
574,The Other Boleyn Girl,The Other Boleyn Girl,The Eight,Second Nature,The Joy Luck Club,Girl in Hyacinth Blue
575,The Partner,The Partner,The Rainmaker,The Pelican Brief,The Street Lawyer,The Brethren
576,The Pelican Brief,The Pelican Brief,The Client,The Firm,A Time to Kill,The Partner
577,The Perfect Storm : A True Story of Men Against the Sea,The Perfect Storm : A True Story of Men Against the Sea,"Like Water for Chocolate: A Novel in Monthly Installments With Recipes, Romances and Home Remedies",The Reef,Seabiscuit: An American Legend,A Man Named Dave: A Story of Triumph and Forgiveness
578,The Phantom Tollbooth,The Phantom Tollbooth,A Wrinkle In Time,A Year in Provence,SHIPPING NEWS,A Wrinkle in Time
579,The Pillars of the Earth,The Pillars of the Earth,Drums of Autumn,Zoya,Dragonfly in Amber,The Mists of Avalon
580,The Pilot's Wife : A Novel,The Pilot's Wife : A Novel,Drowning Ruth,The Lovely Bones: A Novel,I Know This Much Is True,P Is for Peril
581,The Plains of Passage,The Plains of Passage,The Valley of Horses,"Scarlett : The Sequel to Margaret Mitchell's \Gone With the Wind\""""",The Clan of the Cave Bear,Dust to Dust
582,The Poisonwood Bible,The Poisonwood Bible,Prodigal Summer,Kiss the Girls,Postmortem,The Alienist
583,The Poisonwood Bible: A Novel,The Poisonwood Bible: A Novel,Midnight in the Garden of Good and Evil: A Savannah Story,Empire Falls,Jewel,Midwives: A Novel
584,The Prince of Tides,The Prince of Tides,Cold Mountain,Wish You Well,The Temple of My Familiar,The Hours: A Novel
585,The Princess Bride: S Morgenstern's Classic Tale of True Love and High Adventure,The Princess Bride: S Morgenstern's Classic Tale of True Love and High Adventure,Rising Sun,Tears of the Giraffe,Tell Me Lies,Different Seasons
586,The Promise,The Promise,Fine Things,Secrets,Daddy,Message from Nam
587,The Pull of the Moon,The Pull of the Moon,Range of Motion,STONES FROM THE RIVER,The Deep End of the Ocean,Dr. Atkins' New Diet Revolution
588,The Queen of the Damned,The Queen of the Damned,The Vampire Lestat,The Tale of the Body Thief,Taltos: Lives of the Mayfair Witches,Interview with the Vampire
589,The Rainmaker,The Rainmaker,The Firm,The Chamber,The Partner,The Client
590,The Rapture of Canaan,The Rapture of Canaan,Vinegar Hill,Here on Earth,Charming Billy,The Last Time They Met : A Novel
591,The Reader,The Reader,Drowning Ruth,A Lesson Before Dying,The Last Time They Met : A Novel,Jewel
592,The Red Tent,The Red Tent,Girl with a Pearl Earring,The Bonesetter's Daughter,The Reader,Fried Green Tomatoes at the Whistle Stop Cafe
593,The Reef,The Reef,Heaven and Earth,Sacred Sins,Macgregor Brides,Montana Sky
594,The Regulators,The Regulators,The Tommyknockers,It,Rose Madder,Four Past Midnight
595,The Reptile Room,The Reptile Room,The Bad Beginning,Possession : A Romance,A Walk to Remember,The Last Time They Met : A Novel
596,The Rescue,The Rescue,A Walk to Remember,The Notebook,The Guardian,A Man Named Dave: A Story of Triumph and Forgiveness
597,The Return Journey,The Return Journey,Echoes,Evening Class,Scarlet Feather,Tara Road
598,The Return of the King,The Return of the King,The Two Towers,The Fellowship of the Ring,"Scarlett : The Sequel to Margaret Mitchell's \Gone With the Wind\""""",Red Storm Rising
599,The Robber Bride,The Robber Bride,The Stone Diaries,A Thousand Acres,"Dude, Where's My Country?",The Blind Assassin
600,The Runaway Jury,The Runaway Jury,The Rainmaker,The Partner,The Testament,The Pelican Brief
601,The Sands of Time,The Sands of Time,Message from Nam,From Potter's Field,Montana Sky,Kaleidoscope
602,The Saving Graces: A Novel,The Saving Graces: A Novel,Angela's Ashes : A Memoir,The Secret Life of Bees,Girl in Hyacinth Blue,Tell No One
603,The Search,The Search,Body of Lies,Guilty as Sin,The Ugly Duckling,Night Sins
604,The Secret Garden,The Secret Garden,That Camden Summer,A Walk to Remember,GARDEN OF SHADOWS,Circle of Friends
605,The Secret Life of Bees,The Secret Life of Bees,Under the Tuscan Sun,Snow Falling on Cedars,Wicked: The Life and Times of the Wicked Witch of the West,The Five People You Meet in Heaven
606,The Shipping News : A Novel,The Shipping News : A Novel,The Divine Secrets of the Ya-Ya Sisterhood: A Novel,The Hours: A Novel,Exclusive,All the Pretty Horses
607,The Simple Truth,The Simple Truth,The Genesis Code,A Day Late and a Dollar Short,Harvest,Last Chance Saloon
608,The Smoke Jumper,The Smoke Jumper,The Last Time They Met : A Novel,"Forever... : A Novel of Good and Evil, Love and Hope",The Summerhouse,The No. 1 Ladies' Detective Agency
609,The Stone Diaries,The Stone Diaries,Falling Angels,The Robber Bride,All the Pretty Horses,The Shipping News : A Novel
610,The Street Lawyer,The Street Lawyer,The Testament,The Partner,The Chamber,The Pelican Brief
611,The Subtle Knife,The Subtle Knife,The Amber Spyglass,The Golden Compass,The Eyre Affair: A Novel,Song of Solomon
612,The Sum of All Fears,The Sum of All Fears,Executive Orders,Debt of Honor,Red Storm Rising,Patriot Games
613,The Summerhouse,The Summerhouse,The Woman Next Door,Unspeakable,Standoff,Miss Julia Speaks Her Mind : A Novel
614,The Summons,The Summons,The Empty Chair,Pop Goes the Weasel,Colony,The Street Lawyer
615,The Surgeon,The Surgeon,The Mulberry Tree,Hard Eight : A Stephanie Plum Novel,Midnight Bayou,Seven Up
616,The Sweet Potato Queens' Book of Love,The Sweet Potato Queens' Book of Love,The Girls' Guide to Hunting and Fishing,The Virgin Suicides,Saving Faith,Midnight in the Garden of Good and Evil
617,The Switch,The Switch,Night Sins,The Edge,Key of Valor,Face the Fire
618,The Tale of the Body Thief,The Tale of the Body Thief,The Vampire Lestat,The Queen of the Damned,Interview with the Vampire,Taltos: Lives of the Mayfair Witches
619,The Talisman,The Talisman,The Tommyknockers,It,The Regulators,Skeleton Crew
620,The Tao of Pooh,The Tao of Pooh,Hearts in Atlantis,The Plains of Passage,Winter Moon,The Giver
621,The Temple of My Familiar,The Temple of My Familiar,Schindler's List,The Hours: A Novel,Good Omens,"Like Water for Chocolate: A Novel in Monthly Installments With Recipes, Romances and Home Remedies"
622,The Testament,The Testament,The Street Lawyer,Four Blind Mice,The Brethren,The Runaway Jury
623,The Thorn Birds,The Thorn Birds,Wuthering Heights,Dances With Wolves,GARDEN OF SHADOWS,River's End
624,The Tommyknockers,The Tommyknockers,The Regulators,Four Past Midnight,The Dark Half,It
625,The Two Towers,The Two Towers,The Fellowship of the Ring,The Return of the King,Charlotte's Web,The Hobbit : The Enchanting Prelude to The Lord of the Rings
626,The Ugly Duckling,The Ugly Duckling,A Thin Dark Line,Exclusive,The Face of Deception,Secrets
627,The Valley of Horses,The Valley of Horses,The Clan of the Cave Bear,The Plains of Passage,Vinegar Hill,Dust to Dust
628,The Vampire Lestat,The Vampire Lestat,The Tale of the Body Thief,The Queen of the Damned,Interview with the Vampire,The Witching Hour
629,The Villa,The Villa,The Reef,Heaven and Earth,Three Fates,Purity in Death
630,The Virgin Suicides,The Virgin Suicides,A Lesson Before Dying,The Sweet Potato Queens' Book of Love,Couplehood,The Girls' Guide to Hunting and Fishing
631,The Wedding,The Wedding,Nights in Rodanthe,The Jester,Skipping Christmas,The Rescue
632,The Weight of Water : A Novel Tag: Author of Resistance and Strange Fits of Passion,The Weight of Water : A Novel Tag: Author of Resistance and Strange Fits of Passion,Seabiscuit: An American Legend,Nothing Lasts Forever,The Vampire Lestat,The Stone Diaries
633,The Winner,The Winner,The Alibi,The First Counsel,Echoes,Saving Faith
634,The Witching Hour,The Witching Hour,The Vampire Lestat,Violin,Interview with the Vampire,The Tale of the Body Thief
635,The Witness,The Witness,Secrets,Exclusive,Message from Nam,Kaleidoscope
636,The Woman Next Door,The Woman Next Door,The Summerhouse,The Last Time They Met : A Novel,Fat Tuesday,Whirlwind
637,Thinner,Thinner,The Dark Half,Misery,The Tommyknockers,Gerald's Game
638,Three Fates,Three Fates,Heaven and Earth,The Reef,Midnight Bayou,The Mulberry Tree
639,Three Junes,Three Junes,Plainsong,Cold Mountain : A Novel,Midnight in the Garden of Good and Evil: A Savannah Story,Under the Tuscan Sun
640,Three To Get Deadly : A Stephanie Plum Novel,Three To Get Deadly : A Stephanie Plum Novel,High Five,Seven Up,Four To Score,Two for the Dough
641,Timeline,Timeline,A Man in Full,Sphere,The Tommyknockers,Mirror Image
642,Tis : A Memoir,Tis : A Memoir,Into Thin Air : A Personal Account of the Mt. Everest Disaster,The First Counsel,The Temple of My Familiar,Don't Stand Too Close to a Naked Man
643,Tis: A Memoir,Tis: A Memoir,Cry Wolf,Don't Stand Too Close to a Naked Man,A Great Deliverance,Death du Jour
644,To Kill a Mockingbird,To Kill a Mockingbird,The Catcher in the Rye,Five Quarters of the Orange,The Bean Trees,The Color of Water: A Black Man's Tribute to His White Mother
645,To the Nines: A Stephanie Plum Novel,To the Nines: A Stephanie Plum Novel,Seven Up,Hard Eight : A Stephanie Plum Novel,The Mulberry Tree,Full House
646,Tom Clancy's Op-Center,Tom Clancy's Op-Center,Exclusive,Invasion,"Truly, Madly Manhattan",Rainbow Six
647,Touching Evil,Touching Evil,"Forever... : A Novel of Good and Evil, Love and Hope",Killjoy,The Jester,Envy
648,Toxin,Toxin,Dolores Claiborne,Invasion,Watchers,Acceptable Risk
649,Tribulation Force: The Continuing Drama of Those Left Behind,Tribulation Force: The Continuing Drama of Those Left Behind,Left Behind: A Novel of the Earth's Last Days,Nicolae: The Rise of Antichrist,The Next Accident,Dust to Dust
650,"Truly, Madly Manhattan","Truly, Madly Manhattan",Macgregor Brides,Summer Pleasures,Engaging The Enemy,River's End
651,"Tuesdays with Morrie: An Old Man, a Young Man, and Life's Greatest Lesson","Tuesdays with Morrie: An Old Man, a Young Man, and Life's Greatest Lesson",The Five People You Meet in Heaven,Girl in Hyacinth Blue,Stupid White Men ...and Other Sorry Excuses for the State of the Nation!,The Girls' Guide to Hunting and Fishing
652,Turtle Moon,Turtle Moon,Blue Diary,Range of Motion,Wanderlust,Dr. Atkins' New Diet Revolution
653,Two for the Dough,Two for the Dough,Four To Score,One for the Money,Seven Up,Three To Get Deadly : A Stephanie Plum Novel
654,Under the Tuscan Sun,Under the Tuscan Sun,C Is for Corpse,Cold Sassy Tree,The No. 1 Ladies' Detective Agency,How to Be Good
655,Unnatural Exposure,Unnatural Exposure,The Body Farm,Night Sins,Point of Origin,From Potter's Field
656,Unspeakable,Unspeakable,Exclusive,Standoff,The Long Road Home,Fine Things
657,Vanished,Vanished,Accident,Daddy,Heartbeat,Secrets
658,Vector,Vector,Chromosome 6,Contagion,Harvest,Toxin
659,Vinegar Hill,Vinegar Hill,The Rapture of Canaan,Songs in Ordinary Time,Charming Billy,"River, Cross My Heart"
660,Violets Are Blue,Violets Are Blue,Four Blind Mice,Kiss the Girls,Roses Are Red,Fear Nothing
661,Violin,Violin,Taltos: Lives of the Mayfair Witches,The Witching Hour,The Tale of the Body Thief,Interview with the Vampire
662,Voyager,Voyager,Dragonfly in Amber,Drums of Autumn,Outlander,Cold Mountain
663,WLD ACCORDNG GARP,WLD ACCORDNG GARP,Degree of Guilt,Acceptable Risk,Fortune's Rocks: A Novel,The Prince of Tides
664,Waiting to Exhale,Waiting to Exhale,Winter Moon,Long After Midnight,Fat Tuesday,How Stella Got Her Groove Back
665,Wanderlust,Wanderlust,Message from Nam,The Long Road Home,Heartbeat,Fine Things
666,Watchers,Watchers,Hideaway,Icebound,Dolores Claiborne,Lightning
667,Watermelon,Watermelon,Mother of Pearl,Bridget Jones: The Edge of Reason,Mind Prey,The Killing Game: Only One Can Win...and the Loser Dies
668,Watership Down,Watership Down,The English Patient,The Witching Hour,The Girl Who Loved Tom Gordon,The Fellowship of the Ring
669,We Were the Mulvaneys,We Were the Mulvaneys,Jewel,Fall On Your Knees,"River, Cross My Heart",Drowning Ruth
670,We'll Meet Again,We'll Meet Again,Pretend You Don't See Her,While My Pretty One Sleeps,Daddy's Little Girl,Family Album
671,Weep No More My Lady,Weep No More My Lady,On the Street Where You Live,Let Me Call You Sweetheart,My Gal Sunday,You Belong To Me
672,Welcome to Temptation,Welcome to Temptation,Paradise,Macgregor Brides,The Villa,Night Whispers
673,"Welcome to the World, Baby Girl!","Welcome to the World, Baby Girl!",Airframe,Sphere,Morality for Beautiful Girls,Daisy Fay and the Miracle Man
674,What Looks Like Crazy On An Ordinary Day,What Looks Like Crazy On An Ordinary Day,Ellen Foster,Drowning Ruth,Watchers,All That Remains
675,What to Expect When You're Expecting,What to Expect When You're Expecting,Sea Swept,River's End,The Rainmaker,Chicken Soup for the Woman's Soul
676,When the Wind Blows,When the Wind Blows,Still Waters,Along Came a Spider,Kiss the Girls,Cat and Mouse
677,Where the Heart Is,Where the Heart Is,Blue Diary,The Lovely Bones: A Novel,Icy Sparks,I Know This Much Is True
678,Where the Red Fern Grows,Where the Red Fern Grows,Misery,Slammerkin,Under the Tuscan Sun,The Hobbit : The Enchanting Prelude to The Lord of the Rings
679,While I Was Gone,While I Was Gone,Songs in Ordinary Time,Jewel,"River, Cross My Heart",Snow Falling on Cedars
680,While My Pretty One Sleeps,While My Pretty One Sleeps,Lightning,Dark Rivers of the Heart,The Cradle Will Fall,Dragon Tears
681,Whirlwind,Whirlwind,The Woman Next Door,Heartbreaker,Sacred Sins,The Bachelor
682,Whispers,Whispers,Winter Moon,Fear Nothing,Midnight,Phantoms
683,White Oleander : A Novel,White Oleander : A Novel,Night Whispers,We Were the Mulvaneys,The Lovely Bones: A Novel,Snow Falling on Cedars
684,White Teeth: A Novel,White Teeth: A Novel,Five Quarters of the Orange,High Fidelity,Fingersmith,Beach Music
685,Wicked: The Life and Times of the Wicked Witch of the West,Wicked: The Life and Times of the Wicked Witch of the West,Confessions of an Ugly Stepsister : A Novel,Empire Falls,The Bad Beginning,Peace Like a River
686,Wifey,Wifey,Smart Women,Accident,Message from Nam,Summer Sisters
687,Wild Animus,Wild Animus,Pay It Forward,At Home in Mitford,The First Counsel,The Andromeda Strain
688,Winter Moon,Winter Moon,Shadowfires,Before I Say Good-Bye,Midnight,Whispers
689,Winter Solstice,Winter Solstice,Coming Home,From Potter's Field,Deja Dead,The Celestine Prophecy
690,Wish You Well,Wish You Well,Saving Faith,Jewel,The Celestine Prophecy,Unnatural Exposure
691,Without Remorse,Without Remorse,The Cardinal of the Kremlin,Debt of Honor,Executive Orders,Clear and Present Danger
692,Wizard and Glass,Wizard and Glass,The Drawing of the Three,Black House,The Gunslinger,The Regulators
693,Wuthering Heights,Wuthering Heights,The Thorn Birds,Primary Colors: A Novel of Politics,Dances With Wolves,"Like Water for Chocolate: A Novel in Monthly Installments With Recipes, Romances and Home Remedies"
694,Year of Wonders,Year of Wonders,The Eight,A Heartbreaking Work of Staggering Genius,Bridget Jones: The Edge of Reason,Midwives: A Novel
695,You Belong To Me,You Belong To Me,"Loves Music, Loves to Dance",I'll Be Seeing You,Before I Say Good-Bye,Daddy's Little Girl
696,Zen and the Art of Motorcycle Maintenance: An Inquiry into Values,Zen and the Art of Motorcycle Maintenance: An Inquiry into Values,Prodigal Summer,Pet Sematary,Midnight,The Hitchhiker's Guide to the Galaxy
697,Zoya,Zoya,Fine Things,Secrets,Kaleidoscope,Exclusive
