,Book-Title,Book-Author,Image-URL-M,num_rating_x,avg_rating_x
0,The Kitchen God's Wife,Amy Tan,https://images.amazon.com/images/P/0399135782.01.MZZZZZZZ.jpg,13,4.923076923076923
1,The Testament,John Grisham,https://images.amazon.com/images/P/0440234743.01.MZZZZZZZ.jpg,617,3.179902755267423
2,Beloved,Toni Morrison,https://images.amazon.com/images/P/0452264464.01.MZZZZZZZ.jpg,1,10.0
3,Wild Animus,Rich Shapero,https://images.amazon.com/images/P/0971880107.01.MZZZZZZZ.jpg,2502,1.0195843325339728
4,Airframe,Michael Crichton,https://images.amazon.com/images/P/0345402871.01.MZZZZZZZ.jpg,332,2.9006024096385543
5,Timeline,MICHAEL CRICHTON,https://images.amazon.com/images/P/0345417623.01.MZZZZZZZ.jpg,552,3.75
6,To Kill a Mockingbird,Harper Lee,https://images.amazon.com/images/P/0446310786.01.MZZZZZZZ.jpg,510,4.7
7,Seabiscuit: An American Legend,LAURA HILLENBRAND,https://images.amazon.com/images/P/0449005615.01.MZZZZZZZ.jpg,275,4.098181818181819
8,Pigs in Heaven,Barbara Kingsolver,https://images.amazon.com/images/P/0060168013.01.MZZZZZZZ.jpg,249,3.2730923694779115
9,Pride and Prejudice,Jane Austen,https://images.amazon.com/images/P/055321215X.01.MZZZZZZZ.jpg,1,10.0
10,Icebound,Dean R. Koontz,https://images.amazon.com/images/P/0553582909.01.MZZZZZZZ.jpg,146,2.5136986301369864
11,I'll Be Seeing You,Mary Higgins Clark,https://images.amazon.com/images/P/0671888587.01.MZZZZZZZ.jpg,145,2.0620689655172413
12,From the Corner of His Eye,Dean Koontz,https://images.amazon.com/images/P/0553582747.01.MZZZZZZZ.jpg,219,3.442922374429224
13,Isle of Dogs,Patricia Cornwell,https://images.amazon.com/images/P/0425182908.01.MZZZZZZZ.jpg,288,2.0
14,Purity in Death,J.D. Robb,https://images.amazon.com/images/P/042518630X.01.MZZZZZZZ.jpg,106,2.3207547169811322
15,The Street Lawyer,JOHN GRISHAM,https://images.amazon.com/images/P/0440225701.01.MZZZZZZZ.jpg,545,2.851376146788991
16,Breathing Lessons,Anne Tyler,https://images.amazon.com/images/P/042511774X.01.MZZZZZZZ.jpg,239,2.1171548117154813
17,The Joy Luck Club,Amy Tan,https://images.amazon.com/images/P/0804106304.01.MZZZZZZZ.jpg,555,3.0558558558558557
18,The Tao of Pooh,Benjamin Hoff,https://images.amazon.com/images/P/0140067477.01.MZZZZZZZ.jpg,211,4.289099526066351
19,Seabiscuit,LAURA HILLENBRAND,https://images.amazon.com/images/P/0345465083.01.MZZZZZZZ.jpg,187,2.732620320855615
20,The Catcher in the Rye,J.D. Salinger,https://images.amazon.com/images/P/0316769487.01.MZZZZZZZ.jpg,449,4.5456570155902005
21,Midnight in the Garden of Good and Evil: A Savannah Story,John Berendt,https://images.amazon.com/images/P/0679429220.01.MZZZZZZZ.jpg,265,3.147169811320755
22,Pretend You Don't See Her,Mary Higgins Clark,https://images.amazon.com/images/P/0671867156.01.MZZZZZZZ.jpg,242,2.652892561983471
23,Fast Women,Jennifer Crusie,https://images.amazon.com/images/P/0312252617.01.MZZZZZZZ.jpg,4,5.0
24,The Pillars of the Earth,Ken Follett,https://images.amazon.com/images/P/0451166892.01.MZZZZZZZ.jpg,231,3.242424242424242
25,The Five People You Meet in Heaven,Mitch Albom,https://images.amazon.com/images/P/0786868716.01.MZZZZZZZ.jpg,2,7.5
26,The Alibi,Sandra Brown,https://images.amazon.com/images/P/0446608653.01.MZZZZZZZ.jpg,129,2.108527131782946
27,The Beach House,James Patterson,https://images.amazon.com/images/P/0446612545.01.MZZZZZZZ.jpg,435,3.3471264367816094
28,Angels &amp; Demons,Dan Brown,https://images.amazon.com/images/P/0671027360.01.MZZZZZZZ.jpg,670,3.708955223880597
29,The Girl Who Loved Tom Gordon,Stephen King,https://images.amazon.com/images/P/0671042858.01.MZZZZZZZ.jpg,219,3.2009132420091326
30,Little Altars Everywhere: A Novel,Rebecca Wells,https://images.amazon.com/images/P/0060976845.01.MZZZZZZZ.jpg,434,3.2557603686635943
31,Before I Say Good-Bye,Mary Higgins Clark,https://images.amazon.com/images/P/0671004573.01.MZZZZZZZ.jpg,178,2.5168539325842696
32,Slow Waltz in Cedar Bend,Robert James Waller,https://images.amazon.com/images/P/0446601640.01.MZZZZZZZ.jpg,4,3.5
33,Atonement : A Novel,IAN MCEWAN,https://images.amazon.com/images/P/038572179X.01.MZZZZZZZ.jpg,181,2.8232044198895028
34,Rebecca,Daphne Du Maurier,https://images.amazon.com/images/P/0380778556.01.MZZZZZZZ.jpg,1,5.0
35,Contact,Susan Grant,https://images.amazon.com/images/P/0505524996.01.MZZZZZZZ.jpg,177,3.248587570621469
36,Wish You Well,David Baldacci,https://images.amazon.com/images/P/0446527165.01.MZZZZZZZ.jpg,234,3.0128205128205128
37,The Hitchhiker's Guide to the Galaxy,Douglas Adams,https://images.amazon.com/images/P/0671461494.01.MZZZZZZZ.jpg,268,4.3283582089552235
38,Bridget Jones's Diary,Helen Fielding,https://images.amazon.com/images/P/0330332775.01.MZZZZZZZ.jpg,815,3.5276073619631902
39,Fahrenheit 451,Ray Bradbury,https://images.amazon.com/images/P/3257208626.01.MZZZZZZZ.jpg,6,7.666666666666667
40,The God of Small Things,Arundhati Roy,https://images.amazon.com/images/P/0060977493.01.MZZZZZZZ.jpg,289,3.28719723183391
41,Four Blind Mice,James Patterson,https://images.amazon.com/images/P/0316693006.01.MZZZZZZZ.jpg,238,3.5756302521008405
42,Congo,Michael Crichton,https://images.amazon.com/images/P/0345378490.01.MZZZZZZZ.jpg,1,7.0
43,Plainsong,KENT HARUF,https://images.amazon.com/images/P/0375705856.01.MZZZZZZZ.jpg,156,3.301282051282051
44,Body of Evidence,Patricia D. Cornwell,https://images.amazon.com/images/P/0380717018.01.MZZZZZZZ.jpg,10,4.0
45,All That Remains,Patricia D. Cornwell,https://images.amazon.com/images/P/0380718332.01.MZZZZZZZ.jpg,2,3.5
46,The Brethren,JOHN GRISHAM,https://images.amazon.com/images/P/0385497466.01.MZZZZZZZ.jpg,556,2.8507194244604315
47,The King of Torts,John Grisham,https://images.amazon.com/images/P/0385508042.01.MZZZZZZZ.jpg,2,4.0
48,Bleachers,John Grisham,https://images.amazon.com/images/P/0385511612.01.MZZZZZZZ.jpg,189,3.3439153439153437
49,Roses Are Red,James Patterson,https://images.amazon.com/images/P/0446605484.01.MZZZZZZZ.jpg,99,3.5757575757575757
50,The Rescue,Nicholas Sparks,https://images.amazon.com/images/P/0446610399.01.MZZZZZZZ.jpg,1,6.0
51,Pet Sematary,Stephen King,https://images.amazon.com/images/P/0451162072.01.MZZZZZZZ.jpg,238,3.3949579831932772
52,Girl with a Pearl Earring,Tracy Chevalier,https://images.amazon.com/images/P/0452282152.01.MZZZZZZZ.jpg,526,4.218631178707224
53,Deception Point,Dan Brown,https://images.amazon.com/images/P/0671027387.01.MZZZZZZZ.jpg,262,2.931297709923664
54,Tis : A Memoir,Frank McCourt,https://images.amazon.com/images/P/0684848783.01.MZZZZZZZ.jpg,175,3.142857142857143
55,Chicken Soup for the Soul,Jack Canfield,https://images.amazon.com/images/P/155874262X.01.MZZZZZZZ.jpg,10,5.1
56,Wicked: The Life and Times of the Wicked Witch of the West,Gregory Maguire,https://images.amazon.com/images/P/0060987103.01.MZZZZZZZ.jpg,326,3.766871165644172
57,Life of Pi,Yann Martel,https://images.amazon.com/images/P/0151008116.01.MZZZZZZZ.jpg,664,4.088855421686747
58,Secret History,DONNA TARTT,https://images.amazon.com/images/P/0804111359.01.MZZZZZZZ.jpg,1,8.0
59,Chicken Soup for the Woman's Soul,Jack Canfield,https://images.amazon.com/images/P/1558744150.01.MZZZZZZZ.jpg,139,3.697841726618705
60,The Amber Spyglass,PHILIP PULLMAN,https://images.amazon.com/images/P/0375823352.01.MZZZZZZZ.jpg,141,4.156028368794326
61,The Golden Compass,PHILIP PULLMAN,https://images.amazon.com/images/P/037582345X.01.MZZZZZZZ.jpg,336,4.0
62,The Subtle Knife,PHILIP PULLMAN,https://images.amazon.com/images/P/0375823468.01.MZZZZZZZ.jpg,225,4.124444444444444
63,Animal Farm,George Orwell,https://images.amazon.com/images/P/0451526341.01.MZZZZZZZ.jpg,1,10.0
64,A Man in Full,Tom Wolfe,https://images.amazon.com/images/P/0374270325.01.MZZZZZZZ.jpg,174,2.4022988505747125
65,A Painted House,John Grisham,https://images.amazon.com/images/P/044023722X.01.MZZZZZZZ.jpg,838,3.231503579952267
66,The Perfect Storm : A True Story of Men Against the Sea,Sebastian Junger,https://images.amazon.com/images/P/0060977477.01.MZZZZZZZ.jpg,2,7.0
67,Vinegar Hill,A. Manette Ansay,https://images.amazon.com/images/P/0380730138.01.MZZZZZZZ.jpg,3,3.3333333333333335
68,The Hunt for Red October,Tom Clancy,https://images.amazon.com/images/P/0425120279.01.MZZZZZZZ.jpg,241,2.680497925311203
69,The Secret Life of Bees,Sue Monk Kidd,https://images.amazon.com/images/P/0142001740.01.MZZZZZZZ.jpg,774,4.447028423772609
70,Digital Fortress : A Thriller,Dan Brown,https://images.amazon.com/images/P/0312995423.01.MZZZZZZZ.jpg,293,3.57679180887372
71,The Firm,John Grisham,https://images.amazon.com/images/P/0385416342.01.MZZZZZZZ.jpg,569,3.0808435852372584
72,The Client,John Grisham,https://images.amazon.com/images/P/038542471X.01.MZZZZZZZ.jpg,3,6.333333333333333
73,Heart of the Sea,Nora Roberts,https://images.amazon.com/images/P/0515128554.01.MZZZZZZZ.jpg,170,3.011764705882353
74,The Little Prince,Antoine de Saint-ExupÃ©ry,https://images.amazon.com/images/P/0156528207.01.MZZZZZZZ.jpg,141,5.815602836879433
75,Moonlight Becomes You,Mary Higgins Clark,https://images.amazon.com/images/P/0671867113.01.MZZZZZZZ.jpg,139,2.841726618705036
76,The Lovely Bones: A Novel,Alice Sebold,https://images.amazon.com/images/P/0316666343.01.MZZZZZZZ.jpg,1295,4.468725868725869
77,Hannibal,Thomas Harris,https://images.amazon.com/images/P/0440224675.01.MZZZZZZZ.jpg,1,10.0
78,The Robber Bride,Margaret Atwood,https://images.amazon.com/images/P/0553569058.01.MZZZZZZZ.jpg,170,2.1823529411764704
79,A Widow for One Year,JOHN IRVING,https://images.amazon.com/images/P/0345424719.01.MZZZZZZZ.jpg,273,2.7838827838827838
80,Empire Falls,Richard Russo,https://images.amazon.com/images/P/0375726403.01.MZZZZZZZ.jpg,392,3.6301020408163267
81,Oryx and Crake,Margaret Atwood,https://images.amazon.com/images/P/0385503857.01.MZZZZZZZ.jpg,134,3.0074626865671643
82,Black and Blue,ANNA QUINDLEN,https://images.amazon.com/images/P/0440226104.01.MZZZZZZZ.jpg,13,4.846153846153846
83,She's Come Undone,Wally Lamb,https://images.amazon.com/images/P/0671021001.01.MZZZZZZZ.jpg,468,3.5705128205128207
84,Nickel and Dimed: On Getting By in America,Barbara Ehrenreich,https://images.amazon.com/images/P/0805063897.01.MZZZZZZZ.jpg,335,4.28955223880597
85,Left Behind: A Novel of the Earth's Last Days,Tim Lahaye,https://images.amazon.com/images/P/0842329129.01.MZZZZZZZ.jpg,2,4.5
86,The Diary of Ellen Rimbauer: My Life at Rose Red,Joyce Reardon,https://images.amazon.com/images/P/0786868015.01.MZZZZZZZ.jpg,156,3.4038461538461537
87,The Bean Trees,Barbara Kingsolver,https://images.amazon.com/images/P/0060915544.01.MZZZZZZZ.jpg,389,4.087403598971722
88,The Red Tent,Anita Diamant,https://images.amazon.com/images/P/0312195516.01.MZZZZZZZ.jpg,1,10.0
89,The Nanny Diaries: A Novel,Emma McLaughlin,https://images.amazon.com/images/P/0312278586.01.MZZZZZZZ.jpg,828,3.5301932367149758
90,Postmortem,Patricia Daniels Cornwell,https://images.amazon.com/images/P/0380710218.01.MZZZZZZZ.jpg,1,7.0
91,While My Pretty One Sleeps,Mary Higgins Clark,https://images.amazon.com/images/P/0671673688.01.MZZZZZZZ.jpg,135,1.5185185185185186
92,Three Junes,JULIA GLASS,https://images.amazon.com/images/P/0385721420.01.MZZZZZZZ.jpg,216,2.7222222222222223
93,Back Roads,Tawni O'Dell,https://images.amazon.com/images/P/0451202341.01.MZZZZZZZ.jpg,276,2.681159420289855
94,In Her Shoes : A Novel,Jennifer Weiner,https://images.amazon.com/images/P/0743418190.01.MZZZZZZZ.jpg,197,3.512690355329949
95,The Kiss,Danielle Steel,https://images.amazon.com/images/P/0385335407.01.MZZZZZZZ.jpg,148,2.7567567567567566
96,Strangers,Dean R. Koontz,https://images.amazon.com/images/P/0425181111.01.MZZZZZZZ.jpg,150,3.1733333333333333
97,A Thousand Acres,JANE SMILEY,https://images.amazon.com/images/P/0449907481.01.MZZZZZZZ.jpg,210,2.6523809523809523
98,River's End,Nora Roberts,https://images.amazon.com/images/P/0515127833.01.MZZZZZZZ.jpg,157,2.2420382165605095
99,The Chamber,John Grisham,https://images.amazon.com/images/P/0385424728.01.MZZZZZZZ.jpg,509,3.0157170923379173
100,The Partner,John Grisham,https://images.amazon.com/images/P/0385472951.01.MZZZZZZZ.jpg,478,3.290794979079498
101,Chosen Prey,John Sandford,https://images.amazon.com/images/P/0425182878.01.MZZZZZZZ.jpg,192,3.2083333333333335
102,Guilty as Sin,TAMI HOAG,https://images.amazon.com/images/P/0553564528.01.MZZZZZZZ.jpg,144,1.8958333333333333
103,Night Sins,TAMI HOAG,https://images.amazon.com/images/P/055356451X.01.MZZZZZZZ.jpg,177,2.6553672316384183
104,The Vampire Lestat,ANNE RICE,https://images.amazon.com/images/P/0345313860.01.MZZZZZZZ.jpg,3,4.0
105,The Mummy or Ramses the Damned,Anne Rice,https://images.amazon.com/images/P/0345369947.01.MZZZZZZZ.jpg,173,3.2658959537572256
106,Vanished,Danielle Steel,https://images.amazon.com/images/P/0385306032.01.MZZZZZZZ.jpg,2,3.0
107,Daisy Fay and the Miracle Man,Fannie Flagg,https://images.amazon.com/images/P/0446394521.01.MZZZZZZZ.jpg,165,2.6121212121212123
108,Angela's Ashes: A Memoir,Frank McCourt,https://images.amazon.com/images/P/068484267X.01.MZZZZZZZ.jpg,222,3.6486486486486487
109,The Next Accident,LISA GARDNER,https://images.amazon.com/images/P/0553578693.01.MZZZZZZZ.jpg,167,2.3892215568862274
110,Fast Food Nation: The Dark Side of the All-American Meal,Eric Schlosser,https://images.amazon.com/images/P/0060938455.01.MZZZZZZZ.jpg,321,4.037383177570093
111,Echoes,Maeve Binchy,https://images.amazon.com/images/P/0440122090.01.MZZZZZZZ.jpg,6,4.333333333333333
112,One for the Money,Janet Evanovich,https://images.amazon.com/images/P/0061009059.01.MZZZZZZZ.jpg,142,4.02112676056338
113,Along Came a Spider,James Patterson,https://images.amazon.com/images/P/0446364193.01.MZZZZZZZ.jpg,23,4.260869565217392
114,Where the Heart Is,Billie Letts,https://images.amazon.com/images/P/0446672211.01.MZZZZZZZ.jpg,1,9.0
115,The Girls' Guide to Hunting and Fishing,Melissa Bank,https://images.amazon.com/images/P/0140293248.01.MZZZZZZZ.jpg,573,3.1396160558464223
116,Icy Sparks,Gwyn Hyman Rubio,https://images.amazon.com/images/P/0142000205.01.MZZZZZZZ.jpg,309,3.3462783171521036
117,The Da Vinci Code,Dan Brown,https://images.amazon.com/images/P/0385504209.01.MZZZZZZZ.jpg,898,4.642538975501114
118,A Map of the World,Jane Hamilton,https://images.amazon.com/images/P/0385500769.01.MZZZZZZZ.jpg,327,2.492354740061162
119,Bridget Jones : The Edge of Reason,Helen Fielding,https://images.amazon.com/images/P/0670892963.01.MZZZZZZZ.jpg,131,3.50381679389313
120,Big Trouble,Dave Barry,https://images.amazon.com/images/P/0425184129.01.MZZZZZZZ.jpg,222,3.2387387387387387
121,Snow Falling on Cedars,David Guterson,https://images.amazon.com/images/P/0151001006.01.MZZZZZZZ.jpg,662,3.2522658610271904
122,Skipping Christmas,JOHN GRISHAM,https://images.amazon.com/images/P/0385505833.01.MZZZZZZZ.jpg,322,4.0062111801242235
123,The Reader,Bernhard Schlink,https://images.amazon.com/images/P/0679442790.01.MZZZZZZZ.jpg,466,3.0128755364806867
124,Daddy's Little Girl,Mary Higgins Clark,https://images.amazon.com/images/P/0743206045.01.MZZZZZZZ.jpg,247,3.032388663967611
125,If Only It Were True,Marc Levy,https://images.amazon.com/images/P/0743406176.01.MZZZZZZZ.jpg,114,2.93859649122807
126,Message in a Bottle,Nicholas Sparks,https://images.amazon.com/images/P/0446523569.01.MZZZZZZZ.jpg,496,2.778225806451613
127,The Guardian,Nicholas Sparks,https://images.amazon.com/images/P/0446527793.01.MZZZZZZZ.jpg,15,4.0
128,Nights in Rodanthe,Nicholas Sparks,https://images.amazon.com/images/P/0446531332.01.MZZZZZZZ.jpg,177,3.4971751412429377
129,"Like Water for Chocolate: A Novel in Monthly Installments, With Recipes, Romances, and Home Remedies",Laura Esquivel,https://images.amazon.com/images/P/0385420161.01.MZZZZZZZ.jpg,134,3.7686567164179103
130,The Two Towers,J.R.R. TOLKIEN,https://images.amazon.com/images/P/0345339711.01.MZZZZZZZ.jpg,3,10.0
131,The Villa,Nora Roberts,https://images.amazon.com/images/P/0399147128.01.MZZZZZZZ.jpg,236,2.5847457627118646
132,Suzanne's Diary for Nicholas,James Patterson,https://images.amazon.com/images/P/0316969443.01.MZZZZZZZ.jpg,457,3.8205689277899344
133,2nd Chance,James Patterson,https://images.amazon.com/images/P/0316693200.01.MZZZZZZZ.jpg,356,3.269662921348315
134,The Bad Beginning,Lemony Snicket,https://images.amazon.com/images/P/0064407667.01.MZZZZZZZ.jpg,244,3.7049180327868854
135,Me Talk Pretty One Day,David Sedaris,https://images.amazon.com/images/P/0316776963.01.MZZZZZZZ.jpg,457,3.7527352297593
136,The Door to December,Dean R. Koontz,https://images.amazon.com/images/P/0451181379.01.MZZZZZZZ.jpg,241,2.6390041493775933
137,Dreamcatcher,Stephen King,https://images.amazon.com/images/P/0743211383.01.MZZZZZZZ.jpg,481,3.212058212058212
138,Smilla's Sense of Snow,Peter Hoeg,https://images.amazon.com/images/P/0440218535.01.MZZZZZZZ.jpg,181,2.541436464088398
139,The Giver,LOIS LOWRY,https://images.amazon.com/images/P/0440219078.01.MZZZZZZZ.jpg,42,5.738095238095238
140,Ender's Game,Orson Scott Card,https://images.amazon.com/images/P/0312853238.01.MZZZZZZZ.jpg,4,7.25
141,A Time to Kill,JOHN GRISHAM,https://images.amazon.com/images/P/0440211727.01.MZZZZZZZ.jpg,2,5.0
142,Charming Billy,Alice McDermott,https://images.amazon.com/images/P/038533334X.01.MZZZZZZZ.jpg,150,2.473333333333333
143,No Safe Place,RICHARD NORTH PATTERSON,https://images.amazon.com/images/P/0345404777.01.MZZZZZZZ.jpg,7,2.4285714285714284
144,Granny Dan,DANIELLE STEEL,https://images.amazon.com/images/P/0440224829.01.MZZZZZZZ.jpg,2,5.0
145,Wuthering Heights,EMILY BRONTE,https://images.amazon.com/images/P/0553212583.01.MZZZZZZZ.jpg,1,10.0
146,Toxin,Robin Cook,https://images.amazon.com/images/P/0425166619.01.MZZZZZZZ.jpg,132,2.590909090909091
147,Dark Paradise,TAMI HOAG,https://images.amazon.com/images/P/0553561618.01.MZZZZZZZ.jpg,142,2.1549295774647885
148,Middlesex: A Novel,Jeffrey Eugenides,https://images.amazon.com/images/P/0312422156.01.MZZZZZZZ.jpg,238,3.4201680672268906
149,The Rainmaker,JOHN GRISHAM,https://images.amazon.com/images/P/044022165X.01.MZZZZZZZ.jpg,501,2.9221556886227544
150,The Bad Place,Dean R. Koontz,https://images.amazon.com/images/P/0425124347.01.MZZZZZZZ.jpg,135,2.7555555555555555
151,The Phantom Tollbooth,Norton Juster,https://images.amazon.com/images/P/0394820371.01.MZZZZZZZ.jpg,125,4.416
152,Dances With Wolves,Michael Blake,https://images.amazon.com/images/P/0449134482.01.MZZZZZZZ.jpg,127,1.4960629921259843
153,The Princess Bride: S Morgenstern's Classic Tale of True Love and High Adventure,WILLIAM GOLDMAN,https://images.amazon.com/images/P/0345348036.01.MZZZZZZZ.jpg,169,3.8698224852071004
154,Degree of Guilt,Richard North Patterson,https://images.amazon.com/images/P/034538184X.01.MZZZZZZZ.jpg,116,1.7413793103448276
155,SHIPPING NEWS,Annie Proulx,https://images.amazon.com/images/P/0671510053.01.MZZZZZZZ.jpg,382,3.2539267015706805
156,The Smoke Jumper,Nicholas Evans,https://images.amazon.com/images/P/0385334036.01.MZZZZZZZ.jpg,1,8.0
157,Anne of Green Gables,L.M. MONTGOMERY,https://images.amazon.com/images/P/055321313X.01.MZZZZZZZ.jpg,1,10.0
158,Fall On Your Knees,Ann-Marie MacDonald,https://images.amazon.com/images/P/0743237188.01.MZZZZZZZ.jpg,284,3.387323943661972
159,The Carousel,Belva Plain,https://images.amazon.com/images/P/0440216842.01.MZZZZZZZ.jpg,101,1.7524752475247525
160,While I Was Gone,Sue Miller,https://images.amazon.com/images/P/0345443284.01.MZZZZZZZ.jpg,431,2.5800464037122968
161,The House of the Spirits,Isabel Allende,https://images.amazon.com/images/P/0553273914.01.MZZZZZZZ.jpg,180,3.3055555555555554
162,Divine Secrets of the Ya-Ya Sisterhood: A Novel,Rebecca Wells,https://images.amazon.com/images/P/0060928336.01.MZZZZZZZ.jpg,740,3.437837837837838
163,She's Come Undone,Wally Lamb,https://images.amazon.com/images/P/0671003755.01.MZZZZZZZ.jpg,468,3.5705128205128207
164,STONES FROM THE RIVER,Ursula Hegi,https://images.amazon.com/images/P/0684844729.01.MZZZZZZZ.jpg,364,3.0027472527472527
165,Dragonfly in Amber,DIANA GABALDON,https://images.amazon.com/images/P/0440215625.01.MZZZZZZZ.jpg,151,4.47682119205298
166,Naked,David Sedaris,https://images.amazon.com/images/P/0316777730.01.MZZZZZZZ.jpg,196,4.158163265306122
167,Kiss the Girls,James Patterson,https://images.amazon.com/images/P/0446601241.01.MZZZZZZZ.jpg,256,2.828125
168,Different Seasons,Stephen King,https://images.amazon.com/images/P/0451124340.01.MZZZZZZZ.jpg,1,5.0
169,The Witching Hour,ANNE RICE,https://images.amazon.com/images/P/0345384466.01.MZZZZZZZ.jpg,1,5.0
170,Jack &amp; Jill,James Patterson,https://images.amazon.com/images/P/0446604801.01.MZZZZZZZ.jpg,182,2.9285714285714284
171,American Gods,Neil Gaiman,https://images.amazon.com/images/P/0380789035.01.MZZZZZZZ.jpg,302,4.006622516556291
172,Red Dragon,Thomas Harris,https://images.amazon.com/images/P/0440206154.01.MZZZZZZZ.jpg,402,3.6069651741293534
173,Jurassic Park,Michael Crichton,https://images.amazon.com/images/P/0345370775.01.MZZZZZZZ.jpg,488,3.42827868852459
174,Stanislaski Brothers,Nora Roberts,https://images.amazon.com/images/P/0373484224.01.MZZZZZZZ.jpg,98,2.2755102040816326
175,Neverwhere,Neil Gaiman,https://images.amazon.com/images/P/0380789019.01.MZZZZZZZ.jpg,265,4.449056603773585
176,The Thorn Birds,Colleen McCullough,https://images.amazon.com/images/P/0380018179.01.MZZZZZZZ.jpg,11,3.909090909090909
177,"Forever... : A Novel of Good and Evil, Love and Hope",Jude Deveraux,https://images.amazon.com/images/P/067101420X.01.MZZZZZZZ.jpg,102,2.519607843137255
178,Mother of Pearl,Melinda Haynes,https://images.amazon.com/images/P/0786866276.01.MZZZZZZZ.jpg,129,2.1782945736434107
179,Choke,CHUCK PALAHNIUK,https://images.amazon.com/images/P/0385720920.01.MZZZZZZZ.jpg,165,3.278787878787879
180,"Lamb : The Gospel According to Biff, Christ's Childhood Pal",Christopher Moore,https://images.amazon.com/images/P/0380813815.01.MZZZZZZZ.jpg,131,4.091603053435114
181,Lake Wobegon Days,Garrison Keillor,https://images.amazon.com/images/P/0140099832.01.MZZZZZZZ.jpg,29,2.5172413793103448
182,The Color of Water: A Black Man's Tribute to His White Mother,James McBride,https://images.amazon.com/images/P/1573225789.01.MZZZZZZZ.jpg,223,4.1076233183856505
183,Anne Frank: The Diary of a Young Girl,ANNE FRANK,https://images.amazon.com/images/P/0553296981.01.MZZZZZZZ.jpg,142,4.852112676056338
184,Shopaholic Takes Manhattan,Sophie Kinsella,https://images.amazon.com/images/P/0385335881.01.MZZZZZZZ.jpg,200,3.605
185,Confessions of a Shopaholic,SOPHIE KINSELLA,https://images.amazon.com/images/P/0385335482.01.MZZZZZZZ.jpg,84,3.7261904761904763
186,The Cider House Rules,John Irving,https://images.amazon.com/images/P/0553258001.01.MZZZZZZZ.jpg,393,2.969465648854962
187,Good Omens,Neil Gaiman,https://images.amazon.com/images/P/0441003257.01.MZZZZZZZ.jpg,168,4.244047619047619
188,The Poisonwood Bible: A Novel,Barbara Kingsolver,https://images.amazon.com/images/P/0060930535.01.MZZZZZZZ.jpg,494,3.6093117408906883
189,A Lesson Before Dying,Ernest J. Gaines,https://images.amazon.com/images/P/0375702709.01.MZZZZZZZ.jpg,1,7.0
190,Jewel,Bret Lott,https://images.amazon.com/images/P/0671038184.01.MZZZZZZZ.jpg,216,2.949074074074074
191,A Prayer for Owen Meany,John Irving,https://images.amazon.com/images/P/0345361792.01.MZZZZZZZ.jpg,413,3.7966101694915255
192,Cold Sassy Tree,Olive Ann Burns,https://images.amazon.com/images/P/038531258X.01.MZZZZZZZ.jpg,202,3.0693069306930694
193,The Shipping News : A Novel,Annie Proulx,https://images.amazon.com/images/P/0743225406.01.MZZZZZZZ.jpg,228,3.013157894736842
194,The No. 1 Ladies' Detective Agency,Alexander McCall Smith,https://images.amazon.com/images/P/1400034779.01.MZZZZZZZ.jpg,107,3.691588785046729
195,"Breath, Eyes, Memory",Edwidge Danticat,https://images.amazon.com/images/P/037570504X.01.MZZZZZZZ.jpg,155,2.3483870967741933
196,Songs in Ordinary Time,Mary McGarry Morris,https://images.amazon.com/images/P/0140244824.01.MZZZZZZZ.jpg,17,3.0
197,Summer Sisters,Judy Blume,https://images.amazon.com/images/P/0385324057.01.MZZZZZZZ.jpg,573,3.3612565445026177
198,At Home in Mitford,Jan Karon,https://images.amazon.com/images/P/014025448X.01.MZZZZZZZ.jpg,230,3.0478260869565217
199,Bel Canto: A Novel,Ann Patchett,https://images.amazon.com/images/P/0060934417.01.MZZZZZZZ.jpg,350,3.702857142857143
200,All Around the Town,Mary Higgins Clark,https://images.amazon.com/images/P/0671793489.01.MZZZZZZZ.jpg,187,2.962566844919786
201,A Civil Action,JONATHAN HARR,https://images.amazon.com/images/P/0679772677.01.MZZZZZZZ.jpg,156,2.3333333333333335
202,Faking It,Jennifer Crusie,https://images.amazon.com/images/P/0312983824.01.MZZZZZZZ.jpg,2,4.5
203,The Loop,Nicholas Evans,https://images.amazon.com/images/P/0440224624.01.MZZZZZZZ.jpg,181,2.4751381215469612
204,Good in Bed,Jennifer Weiner,https://images.amazon.com/images/P/0743418174.01.MZZZZZZZ.jpg,490,4.055102040816327
205,We'll Meet Again,Mary Higgins Clark,https://images.amazon.com/images/P/0671004565.01.MZZZZZZZ.jpg,213,2.591549295774648
206,How to Make an American Quilt,Whitney Otto,https://images.amazon.com/images/P/0345370805.01.MZZZZZZZ.jpg,177,2.3220338983050848
207,Ellen Foster,Kaye Gibbons,https://images.amazon.com/images/P/0375703055.01.MZZZZZZZ.jpg,4,3.75
208,The Hours : A Novel,Michael Cunningham,https://images.amazon.com/images/P/0312243022.01.MZZZZZZZ.jpg,216,3.4444444444444446
209,Cold Mountain : A Novel,CHARLES FRAZIER,https://images.amazon.com/images/P/0375700757.01.MZZZZZZZ.jpg,311,3.35048231511254
210,Fried Green Tomatoes at the Whistle Stop Cafe,Fannie Flagg,https://images.amazon.com/images/P/0070212570.01.MZZZZZZZ.jpg,1,10.0
211,The Last Time They Met : A Novel,Anita Shreve,https://images.amazon.com/images/P/0316781266.01.MZZZZZZZ.jpg,312,3.121794871794872
212,The Green Mile,Stephen King,https://images.amazon.com/images/P/0671032658.01.MZZZZZZZ.jpg,264,3.6818181818181817
213,A Heartbreaking Work of Staggering Genius,Dave Eggers,https://images.amazon.com/images/P/0375725784.01.MZZZZZZZ.jpg,302,3.423841059602649
214,The Fellowship of the Ring,J.R.R. TOLKIEN,https://images.amazon.com/images/P/0345339703.01.MZZZZZZZ.jpg,29,5.241379310344827
215,Watership Down,Richard George Adams,https://images.amazon.com/images/P/038039586X.01.MZZZZZZZ.jpg,312,3.698717948717949
216,The Blue Nowhere : A Novel,Jeffery Deaver,https://images.amazon.com/images/P/0671042262.01.MZZZZZZZ.jpg,178,3.3876404494382024
217,Sudden Prey,John Sandford,https://images.amazon.com/images/P/0425157539.01.MZZZZZZZ.jpg,109,2.2018348623853212
218,A Year in Provence,Peter Mayle,https://images.amazon.com/images/P/0679731148.01.MZZZZZZZ.jpg,150,3.94
219,When the Wind Blows,James Patterson,https://images.amazon.com/images/P/0316693324.01.MZZZZZZZ.jpg,396,2.7222222222222223
220,I Capture the Castle,Dodie Smith,https://images.amazon.com/images/P/031231616X.01.MZZZZZZZ.jpg,141,3.602836879432624
221,What to Expect When You're Expecting,Arlene Eisenberg,https://images.amazon.com/images/P/089480829X.01.MZZZZZZZ.jpg,133,3.9774436090225564
222,The Alchemist: A Fable About Following Your Dream,Paulo Coelho,https://images.amazon.com/images/P/0062502174.01.MZZZZZZZ.jpg,266,3.8759398496240602
223,Miss Julia Speaks Her Mind : A Novel,Ann B. Ross,https://images.amazon.com/images/P/0688177751.01.MZZZZZZZ.jpg,122,3.5163934426229506
224,Big Stone Gap: A Novel,Adriana Trigiani,https://images.amazon.com/images/P/0345438329.01.MZZZZZZZ.jpg,182,3.791208791208791
225,Black Notice,Patricia Daniels Cornwell,https://images.amazon.com/images/P/0399145087.01.MZZZZZZZ.jpg,1,8.0
226,One for the Money,Janet Evanovich,https://images.amazon.com/images/P/0312990456.01.MZZZZZZZ.jpg,142,4.02112676056338
227,Lord of the Flies,William Gerald Golding,https://images.amazon.com/images/P/0399501487.01.MZZZZZZZ.jpg,1,10.0
228,The Alienist,Caleb Carr,https://images.amazon.com/images/P/0553572997.01.MZZZZZZZ.jpg,350,2.9657142857142857
229,Notes from a Small Island,Bill Bryson,https://images.amazon.com/images/P/0380727501.01.MZZZZZZZ.jpg,130,3.7
230,Harvest,BELVA PLAIN,https://images.amazon.com/images/P/0440208912.01.MZZZZZZZ.jpg,90,1.5555555555555556
231,Engaging The Enemy,Nora Roberts,https://images.amazon.com/images/P/0373218192.01.MZZZZZZZ.jpg,123,2.6910569105691056
232,Into Thin Air : A Personal Account of the Mt. Everest Disaster,JON KRAKAUER,https://images.amazon.com/images/P/0385494785.01.MZZZZZZZ.jpg,372,3.303763440860215
233,Into the Wild,Jon Krakauer,https://images.amazon.com/images/P/0385486804.01.MZZZZZZZ.jpg,252,4.273809523809524
234,Cause of Death,Patricia Daniels Cornwell,https://images.amazon.com/images/P/0425158616.01.MZZZZZZZ.jpg,287,2.6202090592334493
235,The Poisonwood Bible,Barbara Kingsolver,https://images.amazon.com/images/P/0060175400.01.MZZZZZZZ.jpg,267,3.50187265917603
236,Waiting to Exhale,Terry McMillan,https://images.amazon.com/images/P/0671537458.01.MZZZZZZZ.jpg,134,1.6567164179104477
237,Chromosome 6,Robin Cook,https://images.amazon.com/images/P/0425161242.01.MZZZZZZZ.jpg,128,2.3515625
238,Point of Origin,Patricia Daniels Cornwell,https://images.amazon.com/images/P/0425169863.01.MZZZZZZZ.jpg,277,3.1805054151624548
239,Rising Sun,MICHAEL CRICHTON,https://images.amazon.com/images/P/0345380371.01.MZZZZZZZ.jpg,278,2.4424460431654675
240,Cradle and All,James Patterson,https://images.amazon.com/images/P/0316690619.01.MZZZZZZZ.jpg,265,3.1358490566037736
241,1st to Die: A Novel,James Patterson,https://images.amazon.com/images/P/0446610038.01.MZZZZZZZ.jpg,509,3.5756385068762278
242,Flesh and Blood,Jonathan Kellerman,https://images.amazon.com/images/P/0679459626.01.MZZZZZZZ.jpg,2,3.0
243,Everything's Eventual : 14 Dark Tales,Stephen King,https://images.amazon.com/images/P/0743457358.01.MZZZZZZZ.jpg,216,3.5
244,Here on Earth,Alice Hoffman,https://images.amazon.com/images/P/0425167313.01.MZZZZZZZ.jpg,83,3.1686746987951806
245,The Lost World,Michael Crichton,https://images.amazon.com/images/P/034540288X.01.MZZZZZZZ.jpg,1,10.0
246,Absolute Power,David Baldacci,https://images.amazon.com/images/P/0446519960.01.MZZZZZZZ.jpg,158,2.5126582278481013
247,White Oleander : A Novel,Janet Fitch,https://images.amazon.com/images/P/0316182540.01.MZZZZZZZ.jpg,356,3.7724719101123596
248,CAT'S EYE,MARGARET ATWOOD,https://images.amazon.com/images/P/0553282476.01.MZZZZZZZ.jpg,110,1.8545454545454545
249,The Handmaid's Tale,Margaret Atwood,https://images.amazon.com/images/P/0449212602.01.MZZZZZZZ.jpg,311,3.3987138263665595
250,The Murder Book,Jonathan Kellerman,https://images.amazon.com/images/P/0345413903.01.MZZZZZZZ.jpg,249,3.0200803212851404
251,Body of Lies,IRIS JOHANSEN,https://images.amazon.com/images/P/0553582143.01.MZZZZZZZ.jpg,165,2.6363636363636362
252,Lightning,Dean R. Koontz,https://images.amazon.com/images/P/0425115801.01.MZZZZZZZ.jpg,274,2.627737226277372
253,Hearts In Atlantis,Stephen King,https://images.amazon.com/images/P/0671024248.01.MZZZZZZZ.jpg,1,7.0
254,Winter Moon,Dean R. Koontz,https://images.amazon.com/images/P/0553582933.01.MZZZZZZZ.jpg,144,1.9097222222222223
255,Mercy,Julie Garwood,https://images.amazon.com/images/P/0671034022.01.MZZZZZZZ.jpg,2,5.0
256,The Simple Truth,David Baldacci,https://images.amazon.com/images/P/0446607711.01.MZZZZZZZ.jpg,197,2.3756345177664975
257,Last Man Standing,David Baldacci,https://images.amazon.com/images/P/0446525804.01.MZZZZZZZ.jpg,186,2.586021505376344
258,1984,George Orwell,https://images.amazon.com/images/P/0451524934.01.MZZZZZZZ.jpg,9,7.333333333333333
259,The Mists of Avalon,MARION ZIMMER BRADLEY,https://images.amazon.com/images/P/0345350499.01.MZZZZZZZ.jpg,194,3.9587628865979383
260,Hot Six : A Stephanie Plum Novel,Janet Evanovich,https://images.amazon.com/images/P/0312976275.01.MZZZZZZZ.jpg,200,3.06
261,Jemima J: A Novel About Ugly Ducklings and Swans,Jane Green,https://images.amazon.com/images/P/0767905180.01.MZZZZZZZ.jpg,203,3.6699507389162562
262,Now You See Her,Linda Howard,https://images.amazon.com/images/P/0743482891.01.MZZZZZZZ.jpg,91,2.142857142857143
263,Harry Potter and the Sorcerer's Stone,J. K. Rowling,https://images.amazon.com/images/P/059035342X.01.MZZZZZZZ.jpg,1,10.0
264,Sea Glass: A Novel,Anita Shreve,https://images.amazon.com/images/P/0316089699.01.MZZZZZZZ.jpg,199,3.1457286432160805
265,Seven Habits Of Highly Effective People,Stephen R. Covey,https://images.amazon.com/images/P/0671708635.01.MZZZZZZZ.jpg,143,2.5454545454545454
266,The Andromeda Strain,MICHAEL CRICHTON,https://images.amazon.com/images/P/0345378482.01.MZZZZZZZ.jpg,157,3.6305732484076434
267,"Loves Music, Loves to Dance",Mary Higgins Clark,https://images.amazon.com/images/P/0671758896.01.MZZZZZZZ.jpg,184,2.635869565217391
268,Dolores Claiborne,Stephen King,https://images.amazon.com/images/P/0451177096.01.MZZZZZZZ.jpg,275,3.1854545454545455
269,Clear and Present Danger,Tom Clancy,https://images.amazon.com/images/P/0425122123.01.MZZZZZZZ.jpg,1,8.0
270,"Tuesdays with Morrie: An Old Man, a Young Man, and Life's Greatest Lesson",MITCH ALBOM,https://images.amazon.com/images/P/0385484518.01.MZZZZZZZ.jpg,493,4.354969574036511
271,Tell No One,Harlan Coben,https://images.amazon.com/images/P/0440236703.01.MZZZZZZZ.jpg,241,3.4564315352697097
272,The Sum of All Fears,Tom Clancy,https://images.amazon.com/images/P/0425133540.01.MZZZZZZZ.jpg,152,2.651315789473684
273,WLD ACCORDNG GARP,John Irving,https://images.amazon.com/images/P/0671822209.01.MZZZZZZZ.jpg,119,2.3865546218487395
274,The First Counsel,Brad Meltzer,https://images.amazon.com/images/P/0446527289.01.MZZZZZZZ.jpg,121,2.479338842975207
275,Mystic River,Dennis Lehane,https://images.amazon.com/images/P/0380731851.01.MZZZZZZZ.jpg,362,2.911602209944751
276,The Jester,James Patterson,https://images.amazon.com/images/P/0316602051.01.MZZZZZZZ.jpg,194,2.6804123711340204
277,Watermelon,Marian Keyes,https://images.amazon.com/images/P/0380796090.01.MZZZZZZZ.jpg,123,2.8048780487804876
278,Sick Puppy,Carl Hiaasen,https://images.amazon.com/images/P/0446604666.01.MZZZZZZZ.jpg,210,3.6095238095238096
279,Fear Nothing,DEAN KOONTZ,https://images.amazon.com/images/P/0553579754.01.MZZZZZZZ.jpg,209,3.172248803827751
280,J Is for Judgment,Sue Grafton,https://images.amazon.com/images/P/0449221482.01.MZZZZZZZ.jpg,2,5.5
281,A Is for Alibi,SUE GRAFTON,https://images.amazon.com/images/P/0553279912.01.MZZZZZZZ.jpg,285,2.7333333333333334
282,Sphere,MICHAEL CRICHTON,https://images.amazon.com/images/P/0345353145.01.MZZZZZZZ.jpg,374,2.7433155080213902
283,The Pelican Brief,John Grisham,https://images.amazon.com/images/P/0440214041.01.MZZZZZZZ.jpg,581,2.6110154905335627
284,Bridget Jones: The Edge of Reason,Helen Fielding,https://images.amazon.com/images/P/0140298479.01.MZZZZZZZ.jpg,224,3.861607142857143
285,Don't Stand Too Close to a Naked Man,Tim Allen,https://images.amazon.com/images/P/0786889020.01.MZZZZZZZ.jpg,169,2.100591715976331
286,Interview with the Vampire,Anne Rice,https://images.amazon.com/images/P/0345337662.01.MZZZZZZZ.jpg,508,3.5511811023622046
287,The Queen of the Damned,Anne Rice,https://images.amazon.com/images/P/0345351525.01.MZZZZZZZ.jpg,274,2.708029197080292
288,"\O\"" Is for Outlaw""",SUE GRAFTON,https://images.amazon.com/images/P/0449003787.01.MZZZZZZZ.jpg,269,2.9888475836431225
289,The Book of Ruth,Jane Hamilton,https://images.amazon.com/images/P/0385265700.01.MZZZZZZZ.jpg,2,3.5
290,How to Be Good,Nick Hornby,https://images.amazon.com/images/P/1573229326.01.MZZZZZZZ.jpg,304,3.3059210526315788
291,The Color Purple,Alice Walker,https://images.amazon.com/images/P/0671617028.01.MZZZZZZZ.jpg,314,3.964968152866242
292,Mirror Image,Danielle Steel,https://images.amazon.com/images/P/0440224772.01.MZZZZZZZ.jpg,159,2.3962264150943398
293,The Notebook,Nicholas Sparks,https://images.amazon.com/images/P/0446605239.01.MZZZZZZZ.jpg,1,9.0
294,Carnal Innocence,Nora Roberts,https://images.amazon.com/images/P/0553295977.01.MZZZZZZZ.jpg,5,3.0
295,You Belong To Me,Mary Higgins Clark,https://images.amazon.com/images/P/0671004549.01.MZZZZZZZ.jpg,123,2.731707317073171
296,Peace Like a River,Leif Enger,https://images.amazon.com/images/P/0802139256.01.MZZZZZZZ.jpg,168,3.5297619047619047
297,Cry Wolf,TAMI HOAG,https://images.amazon.com/images/P/055356160X.01.MZZZZZZZ.jpg,135,2.1925925925925926
298,Montana Sky,Nora Roberts,https://images.amazon.com/images/P/0515120618.01.MZZZZZZZ.jpg,119,2.697478991596639
299,Carolina Moon,Nora Roberts,https://images.amazon.com/images/P/0515130389.01.MZZZZZZZ.jpg,214,2.97196261682243
300,Three Fates,Nora Roberts,https://images.amazon.com/images/P/0515135062.01.MZZZZZZZ.jpg,202,3.366336633663366
301,Pay It Forward,Catherine Ryan Hyde,https://images.amazon.com/images/P/0743412028.01.MZZZZZZZ.jpg,160,2.86875
302,Bastard Out of Carolina,Dorothy Allison,https://images.amazon.com/images/P/0452269571.01.MZZZZZZZ.jpg,167,4.005988023952096
303,Face the Fire,Nora Roberts,https://images.amazon.com/images/P/051513287X.01.MZZZZZZZ.jpg,1,9.0
304,Stupid White Men ...and Other Sorry Excuses for the State of the Nation!,Michael Moore,https://images.amazon.com/images/P/0060392452.01.MZZZZZZZ.jpg,283,4.3568904593639575
305,Harry Potter and the Sorcerer's Stone,J. K. Rowling,https://images.amazon.com/images/P/0590353403.01.MZZZZZZZ.jpg,1,10.0
306,"Dude, Where's My Country?",Michael Moore,https://images.amazon.com/images/P/0446532231.01.MZZZZZZZ.jpg,178,4.269662921348314
307,Homecoming,Cynthia Voigt,https://images.amazon.com/images/P/0449702545.01.MZZZZZZZ.jpg,137,2.4744525547445257
308,Phantoms,Dean R. Koontz,https://images.amazon.com/images/P/0425101452.01.MZZZZZZZ.jpg,162,3.2777777777777777
309,ANGELA'S ASHES,Frank McCourt,https://images.amazon.com/images/P/0684874350.01.MZZZZZZZ.jpg,279,4.075268817204301
310,Violets Are Blue,James Patterson,https://images.amazon.com/images/P/0446611212.01.MZZZZZZZ.jpg,379,2.955145118733509
311,The Dogs of Babel,Carolyn Parkhurst,https://images.amazon.com/images/P/0316168688.01.MZZZZZZZ.jpg,114,3.3596491228070176
312,Contagion,Robin Cook,https://images.amazon.com/images/P/0425155943.01.MZZZZZZZ.jpg,125,2.904
313,The Tale of the Body Thief,Anne Rice,https://images.amazon.com/images/P/034538475X.01.MZZZZZZZ.jpg,3,4.333333333333333
314,Cruel &amp; Unusual,Patricia D. Cornwell,https://images.amazon.com/images/P/0380718340.01.MZZZZZZZ.jpg,199,3.2562814070351758
315,Misery,Stephen King,https://images.amazon.com/images/P/0451153553.01.MZZZZZZZ.jpg,291,3.718213058419244
316,The Eyre Affair: A Novel,Jasper Fforde,https://images.amazon.com/images/P/0142001805.01.MZZZZZZZ.jpg,171,3.3333333333333335
317,The Body Farm,Patricia Daniels Cornwell,https://images.amazon.com/images/P/0425147622.01.MZZZZZZZ.jpg,225,2.92
318,Mortal Fear,Greg Iles,https://images.amazon.com/images/P/0451180410.01.MZZZZZZZ.jpg,128,2.8671875
319,By the Light of the Moon,DEAN KOONTZ,https://images.amazon.com/images/P/0553582763.01.MZZZZZZZ.jpg,171,3.304093567251462
320,Watchers,Dean R. Koontz,https://images.amazon.com/images/P/0425188809.01.MZZZZZZZ.jpg,180,3.227777777777778
321,Intensity,DEAN KOONTZ,https://images.amazon.com/images/P/0345384369.01.MZZZZZZZ.jpg,193,3.4455958549222796
322,Dark Rivers of the Heart,Dean R. Koontz,https://images.amazon.com/images/P/034539657X.01.MZZZZZZZ.jpg,130,2.2846153846153845
323,Mr. Murder,Dean R. Koontz,https://images.amazon.com/images/P/0425144429.01.MZZZZZZZ.jpg,188,2.7074468085106385
324,The Hours: A Novel,Michael Cunningham,https://images.amazon.com/images/P/0312305060.01.MZZZZZZZ.jpg,294,3.3469387755102042
325,A Day Late and a Dollar Short,Terry McMillan,https://images.amazon.com/images/P/0451204948.01.MZZZZZZZ.jpg,116,1.9482758620689655
326,Rainbow Six,Tom Clancy,https://images.amazon.com/images/P/0399144137.01.MZZZZZZZ.jpg,172,2.947674418604651
327,The Bonesetter's Daughter,Amy Tan,https://images.amazon.com/images/P/0399146431.01.MZZZZZZZ.jpg,384,3.390625
328,The Hundred Secret Senses,Amy Tan,https://images.amazon.com/images/P/0399141146.01.MZZZZZZZ.jpg,336,2.830357142857143
329,Midwives: A Novel,Chris Bohjalian,https://images.amazon.com/images/P/0375706771.01.MZZZZZZZ.jpg,380,3.113157894736842
330,Song of Solomon,Toni Morrison,https://images.amazon.com/images/P/0452260116.01.MZZZZZZZ.jpg,6,4.333333333333333
331,I Know This Much Is True,Wally Lamb,https://images.amazon.com/images/P/0060987561.01.MZZZZZZZ.jpg,6,3.8333333333333335
332,To the Nines: A Stephanie Plum Novel,Janet Evanovich,https://images.amazon.com/images/P/0312265867.01.MZZZZZZZ.jpg,126,3.9365079365079363
333,The Witness,Sandra Brown,https://images.amazon.com/images/P/0446603309.01.MZZZZZZZ.jpg,108,2.6944444444444446
334,Don't Sweat the Small Stuff and It's All Small Stuff : Simple Ways to Keep the Little Things from Taking Over Your Life,Richard Carlson,https://images.amazon.com/images/P/0786881852.01.MZZZZZZZ.jpg,228,3.293859649122807
335,Call of the Wild,Jack London,https://images.amazon.com/images/P/1559029838.01.MZZZZZZZ.jpg,24,2.7916666666666665
336,"Girl, Interrupted",SUSANNA KAYSEN,https://images.amazon.com/images/P/0679746048.01.MZZZZZZZ.jpg,2,5.0
337,Whispers,BELVA PLAIN,https://images.amazon.com/images/P/0440216745.01.MZZZZZZZ.jpg,4,6.0
338,Four To Score,Janet Evanovich,https://images.amazon.com/images/P/0312966970.01.MZZZZZZZ.jpg,225,3.7244444444444444
339,Rising Tides,Nora Roberts,https://images.amazon.com/images/P/051512317X.01.MZZZZZZZ.jpg,116,2.439655172413793
340,High Five,Janet Evanovich,https://images.amazon.com/images/P/0312971346.01.MZZZZZZZ.jpg,228,3.6403508771929824
341,Five Quarters of the Orange,Joanne Harris,https://images.amazon.com/images/P/0060958022.01.MZZZZZZZ.jpg,207,3.57487922705314
342,"Like Water for Chocolate: A Novel in Monthly Installments With Recipes, Romances and Home Remedies",Laura Esquivel,https://images.amazon.com/images/P/0385474016.01.MZZZZZZZ.jpg,166,2.644578313253012
343,"A Child Called \It\"": One Child's Courage to Survive""",Dave Pelzer,https://images.amazon.com/images/P/1558743669.01.MZZZZZZZ.jpg,265,4.086792452830188
344,Final Target,Iris Johansen,https://images.amazon.com/images/P/0553582135.01.MZZZZZZZ.jpg,2,8.0
345,Tribulation Force: The Continuing Drama of Those Left Behind,Tim LaHaye,https://images.amazon.com/images/P/0842329218.01.MZZZZZZZ.jpg,8,5.625
346,The Runaway Jury,JOHN GRISHAM,https://images.amazon.com/images/P/0440221471.01.MZZZZZZZ.jpg,520,2.8807692307692307
347,Without Remorse,Tom Clancy,https://images.amazon.com/images/P/0425143325.01.MZZZZZZZ.jpg,203,2.8817733990147785
348,The Woman Next Door,Barbara Delinsky,https://images.amazon.com/images/P/0743411250.01.MZZZZZZZ.jpg,157,2.8471337579617835
349,The Divine Secrets of the Ya-Ya Sisterhood: A Novel,Rebecca Wells,https://images.amazon.com/images/P/0060502258.01.MZZZZZZZ.jpg,376,3.4308510638297873
350,The Hobbit : The Enchanting Prelude to The Lord of the Rings,J.R.R. TOLKIEN,https://images.amazon.com/images/P/0345339681.01.MZZZZZZZ.jpg,281,5.00711743772242
351,Tales of a Fourth Grade Nothing,JUDY BLUME,https://images.amazon.com/images/P/044048474X.01.MZZZZZZZ.jpg,87,2.954022988505747
352,The Clinic,Jonathan Kellerman,https://images.amazon.com/images/P/055357230X.01.MZZZZZZZ.jpg,98,1.969387755102041
353,Hornet's Nest,Patricia Daniels Cornwell,https://images.amazon.com/images/P/0399142282.01.MZZZZZZZ.jpg,248,2.471774193548387
354,The Temple of My Familiar,Alice Walker,https://images.amazon.com/images/P/0671683993.01.MZZZZZZZ.jpg,120,2.283333333333333
355,Harry Potter and the Chamber of Secrets,J. K. Rowling,https://images.amazon.com/images/P/0439064872.01.MZZZZZZZ.jpg,3,9.333333333333334
356,Love in the Time of Cholera,Gabriel Garcia Marquez,https://images.amazon.com/images/P/0140119906.01.MZZZZZZZ.jpg,1,9.0
357,It,Stephen King,https://images.amazon.com/images/P/0450411435.01.MZZZZZZZ.jpg,214,3.8738317757009346
358,Ashes to Ashes,TAMI HOAG,https://images.amazon.com/images/P/0553579606.01.MZZZZZZZ.jpg,220,2.25
359,Insomnia,Stephen King,https://images.amazon.com/images/P/0670855030.01.MZZZZZZZ.jpg,1,8.0
360,Stillwatch,MARY HIGGINS CLARK,https://images.amazon.com/images/P/0440183057.01.MZZZZZZZ.jpg,133,2.488721804511278
361,Tis: A Memoir,Frank McCourt,https://images.amazon.com/images/P/0743200985.01.MZZZZZZZ.jpg,133,3.210526315789474
362,Midnight,Dean R. Koontz,https://images.amazon.com/images/P/0425118703.01.MZZZZZZZ.jpg,135,2.6
363,Unnatural Exposure,Cornwell Patricia,https://images.amazon.com/images/P/0316639842.01.MZZZZZZZ.jpg,258,3.2209302325581395
364,Slammerkin,Emma Donoghue,https://images.amazon.com/images/P/0151006725.01.MZZZZZZZ.jpg,129,2.511627906976744
365,The Plains of Passage,JEAN M. AUEL,https://images.amazon.com/images/P/0553289411.01.MZZZZZZZ.jpg,4,3.75
366,The Surgeon,TESS GERRITSEN,https://images.amazon.com/images/P/0345447840.01.MZZZZZZZ.jpg,175,2.76
367,Presumed Innocent,Scott Turow,https://images.amazon.com/images/P/0446359866.01.MZZZZZZZ.jpg,294,2.139455782312925
368,Anne of Avonlea,L.M. MONTGOMERY,https://images.amazon.com/images/P/0553213148.01.MZZZZZZZ.jpg,13,4.6923076923076925
369,It Was on Fire When I Lay Down on It,Robert Fulghum,https://images.amazon.com/images/P/0394580567.01.MZZZZZZZ.jpg,153,3.130718954248366
370,Pleading Guilty,Scott Turow,https://images.amazon.com/images/P/0446365505.01.MZZZZZZZ.jpg,2,6.5
371,Politically Correct Bedtime Stories: Modern Tales for Our Life and Times,James Finn Garner,https://images.amazon.com/images/P/002542730X.01.MZZZZZZZ.jpg,175,3.434285714285714
372,4 Blondes,Candace Bushnell,https://images.amazon.com/images/P/0451203895.01.MZZZZZZZ.jpg,151,1.9470198675496688
373,Night,Elie Wiesel,https://images.amazon.com/images/P/0553272535.01.MZZZZZZZ.jpg,202,4.217821782178218
374,The Secret Garden,Frances Hodgson Burnett,https://images.amazon.com/images/P/0812505018.01.MZZZZZZZ.jpg,2,9.0
375,Black House,Stephen King,https://images.amazon.com/images/P/0375504397.01.MZZZZZZZ.jpg,207,3.753623188405797
376,Falling Angels,Tracy Chevalier,https://images.amazon.com/images/P/0452283205.01.MZZZZZZZ.jpg,189,3.4761904761904763
377,Christine,Stephen King,https://images.amazon.com/images/P/0451139739.01.MZZZZZZZ.jpg,145,3.1655172413793102
378,The Valley of Horses,JEAN M. AUEL,https://images.amazon.com/images/P/0553250531.01.MZZZZZZZ.jpg,1,9.0
379,Desperation,Stephen King,https://images.amazon.com/images/P/0451188462.01.MZZZZZZZ.jpg,170,3.6823529411764704
380,Harry Potter and the Prisoner of Azkaban,J. K. Rowling,https://images.amazon.com/images/P/0439136350.01.MZZZZZZZ.jpg,428,5.852803738317757
381,Charlotte's Web,E. B. White,https://images.amazon.com/images/P/0064400557.01.MZZZZZZZ.jpg,129,4.782945736434108
382,Primary Colors: A Novel of Politics,Anonymous,https://images.amazon.com/images/P/0679448594.01.MZZZZZZZ.jpg,166,1.7289156626506024
383,The Lottery Winner : Alvirah And Willy Stories,Mary Higgins Clark,https://images.amazon.com/images/P/0671867172.01.MZZZZZZZ.jpg,136,2.6029411764705883
384,The Gift,DANIELLE STEEL,https://images.amazon.com/images/P/0440221315.01.MZZZZZZZ.jpg,222,2.8018018018018016
385,A Bend in the Road,Nicholas Sparks,https://images.amazon.com/images/P/0446527785.01.MZZZZZZZ.jpg,346,3.3641618497109826
386,The Great Gatsby,F. Scott Fitzgerald,https://images.amazon.com/images/P/185326041X.01.MZZZZZZZ.jpg,1,8.0
387,Lucky : A Memoir,Alice Sebold,https://images.amazon.com/images/P/0316096199.01.MZZZZZZZ.jpg,301,3.6212624584717608
388,Bittersweet,DANIELLE STEEL,https://images.amazon.com/images/P/0440224845.01.MZZZZZZZ.jpg,106,2.160377358490566
389,Weep No More My Lady,Mary Higgins Clark,https://images.amazon.com/images/P/0440200989.01.MZZZZZZZ.jpg,95,2.4526315789473685
390,Let Me Call You Sweetheart,Mary Higgins Clark,https://images.amazon.com/images/P/0671568175.01.MZZZZZZZ.jpg,2,4.0
391,K Is for Killer,Sue Grafton,https://images.amazon.com/images/P/0449221504.01.MZZZZZZZ.jpg,49,2.4285714285714284
392,Unspeakable,Sandra Brown,https://images.amazon.com/images/P/0446607193.01.MZZZZZZZ.jpg,141,2.978723404255319
393,Irish Hearts,Nora Roberts,https://images.amazon.com/images/P/0373484003.01.MZZZZZZZ.jpg,107,2.467289719626168
394,Circle of Friends,Maeve Binchy,https://images.amazon.com/images/P/0440211263.01.MZZZZZZZ.jpg,249,3.0562248995983934
395,The Bourne Identity,Robert Ludlum,https://images.amazon.com/images/P/0553260111.01.MZZZZZZZ.jpg,205,2.731707317073171
396,Under the Tuscan Sun,Frances Mayes,https://images.amazon.com/images/P/0767900383.01.MZZZZZZZ.jpg,184,2.9184782608695654
397,Heartbreaker,Julie Garwood,https://images.amazon.com/images/P/0671034006.01.MZZZZZZZ.jpg,2,6.5
398,The Cardinal of the Kremlin,Tom Clancy,https://images.amazon.com/images/P/0425116840.01.MZZZZZZZ.jpg,29,2.5517241379310347
399,Southern Cross,Patricia Daniels Cornwell,https://images.amazon.com/images/P/039914465X.01.MZZZZZZZ.jpg,1,9.0
400,Bag of Bones,Stephen King,https://images.amazon.com/images/P/067102423X.01.MZZZZZZZ.jpg,195,3.712820512820513
401,Brave New World,Aldous Huxley,https://images.amazon.com/images/P/0060809833.01.MZZZZZZZ.jpg,2,9.5
402,The Prince of Tides,Pat Conroy,https://images.amazon.com/images/P/0553268880.01.MZZZZZZZ.jpg,291,2.3539518900343643
403,The Honk and Holler Opening Soon,Billie Letts,https://images.amazon.com/images/P/0446521582.01.MZZZZZZZ.jpg,164,3.2804878048780486
404,Shopaholic Ties the Knot,Sophie Kinsella,https://images.amazon.com/images/P/0385336179.01.MZZZZZZZ.jpg,160,3.35625
405,One Door Away from Heaven,Dean R. Koontz,https://images.amazon.com/images/P/0553582755.01.MZZZZZZZ.jpg,298,3.389261744966443
406,The Bridges of Madison County,Robert James Waller,https://images.amazon.com/images/P/044651652X.01.MZZZZZZZ.jpg,443,3.0880361173814896
407,The Return of the King,J.R.R. TOLKIEN,https://images.amazon.com/images/P/0345339738.01.MZZZZZZZ.jpg,3,6.666666666666667
408,Ladder of Years,Anne Tyler,https://images.amazon.com/images/P/0679441557.01.MZZZZZZZ.jpg,180,2.361111111111111
409,High Fidelity,Nick Hornby,https://images.amazon.com/images/P/1573225517.01.MZZZZZZZ.jpg,247,4.05668016194332
410,Prodigal Summer,Barbara Kingsolver,https://images.amazon.com/images/P/0060199652.01.MZZZZZZZ.jpg,179,3.5977653631284916
411,White Oleander : A Novel,Janet Fitch,https://images.amazon.com/images/P/0316284955.01.MZZZZZZZ.jpg,356,3.7724719101123596
412,Confessions of an Ugly Stepsister : A Novel,Gregory Maguire,https://images.amazon.com/images/P/0060987529.01.MZZZZZZZ.jpg,228,3.241228070175439
413,Zen and the Art of Motorcycle Maintenance: An Inquiry into Values,ROBERT PIRSIG,https://images.amazon.com/images/P/0553277472.01.MZZZZZZZ.jpg,210,3.1476190476190475
414,The Accidental Tourist,Anne Tyler,https://images.amazon.com/images/P/0425161617.01.MZZZZZZZ.jpg,148,2.0
415,Dying for Chocolate,DIANE MOTT DAVIDSON,https://images.amazon.com/images/P/0553560247.01.MZZZZZZZ.jpg,2,3.0
416,The Reef,Nora Roberts,https://images.amazon.com/images/P/051512608X.01.MZZZZZZZ.jpg,1,9.0
417,Prime Cut,Diane Mott Davidson,https://images.amazon.com/images/P/0553574671.01.MZZZZZZZ.jpg,97,2.8762886597938144
418,House of Sand and Fog,Andre Dubus III,https://images.amazon.com/images/P/0375727345.01.MZZZZZZZ.jpg,588,3.0306122448979593
419,Saving Faith,David Baldacci,https://images.amazon.com/images/P/0446608890.01.MZZZZZZZ.jpg,2,2.5
420,The Mulberry Tree,Jude Deveraux,https://images.amazon.com/images/P/0743437640.01.MZZZZZZZ.jpg,156,3.1794871794871793
421,White Teeth: A Novel,Zadie Smith,https://images.amazon.com/images/P/0375703861.01.MZZZZZZZ.jpg,164,2.8597560975609757
422,Sophie's World: A Novel About the History of Philosophy,Jostein Gaarder,https://images.amazon.com/images/P/0425152251.01.MZZZZZZZ.jpg,230,3.4521739130434783
423,Silence of the Lambs,Thomas Harris,https://images.amazon.com/images/P/0312924585.01.MZZZZZZZ.jpg,256,3.9609375
424,The Hot Zone,Richard Preston,https://images.amazon.com/images/P/0385479565.01.MZZZZZZZ.jpg,260,2.973076923076923
425,The Rapture of Canaan,Sheri Reynolds,https://images.amazon.com/images/P/0425162443.01.MZZZZZZZ.jpg,25,3.28
426,Heaven and Earth,Nora Roberts,https://images.amazon.com/images/P/0515132020.01.MZZZZZZZ.jpg,210,2.8666666666666667
427,Dance upon the Air,Nora Roberts,https://images.amazon.com/images/P/0515131229.01.MZZZZZZZ.jpg,258,3.2713178294573644
428,What Looks Like Crazy On An Ordinary Day,Pearl Cleage,https://images.amazon.com/images/P/038079487X.01.MZZZZZZZ.jpg,212,3.4858490566037736
429,Angela's Ashes : A Memoir,Frank McCourt,https://images.amazon.com/images/P/0684872153.01.MZZZZZZZ.jpg,326,3.3374233128834354
430,Nerd in Shining Armor,Vicki Lewis Thompson,https://images.amazon.com/images/P/0440241162.01.MZZZZZZZ.jpg,96,2.5625
431,Range of Motion,Elizabeth Berg,https://images.amazon.com/images/P/0515119784.01.MZZZZZZZ.jpg,117,2.717948717948718
432,The Reptile Room,Lemony Snicket,https://images.amazon.com/images/P/0064407675.01.MZZZZZZZ.jpg,118,3.7796610169491527
433,Coraline,Neil Gaiman,https://images.amazon.com/images/P/0380977788.01.MZZZZZZZ.jpg,183,4.327868852459017
434,Guilty Pleasures,Laurell K. Hamilton,https://images.amazon.com/images/P/0441304834.01.MZZZZZZZ.jpg,2,7.5
435,Long After Midnight,IRIS JOHANSEN,https://images.amazon.com/images/P/0553571818.01.MZZZZZZZ.jpg,112,2.1607142857142856
436,Disclosure,Michael Crichton,https://images.amazon.com/images/P/0345391055.01.MZZZZZZZ.jpg,318,2.3459119496855347
437,The Idiot Girls' Action Adventure Club,Laurie Notaro,https://images.amazon.com/images/P/0375760911.01.MZZZZZZZ.jpg,113,3.353982300884956
438,How Stella Got Her Groove Back,Terry McMillan,https://images.amazon.com/images/P/0451197410.01.MZZZZZZZ.jpg,1,7.0
439,The Pilot's Wife : A Novel,Anita Shreve,https://images.amazon.com/images/P/0316601950.01.MZZZZZZZ.jpg,568,3.5933098591549295
440,About a Boy,Nick Hornby,https://images.amazon.com/images/P/1573227331.01.MZZZZZZZ.jpg,106,4.179245283018868
441,A Patchwork Planet,ANNE TYLER,https://images.amazon.com/images/P/080411918X.01.MZZZZZZZ.jpg,66,3.257575757575758
442,Dangerous,Amanda Quick,https://images.amazon.com/images/P/0553293176.01.MZZZZZZZ.jpg,90,2.3
443,Outlander,DIANA GABALDON,https://images.amazon.com/images/P/0440222915.01.MZZZZZZZ.jpg,283,4.173144876325089
444,Blessings,ANNA QUINDLEN,https://images.amazon.com/images/P/0375502238.01.MZZZZZZZ.jpg,201,2.7213930348258706
445,Shell Seekers,Rosamunde Pilcher,https://images.amazon.com/images/P/0440202043.01.MZZZZZZZ.jpg,135,2.3333333333333335
446,A Case of Need,Michael Crichton,https://images.amazon.com/images/P/0451183665.01.MZZZZZZZ.jpg,236,2.4237288135593222
447,Death du Jour,Kathy Reichs,https://images.amazon.com/images/P/0684841185.01.MZZZZZZZ.jpg,149,3.261744966442953
448,Pop Goes the Weasel,James Patterson,https://images.amazon.com/images/P/0316693286.01.MZZZZZZZ.jpg,1,10.0
449,Last Chance Saloon,Marian Keyes,https://images.amazon.com/images/P/0060086246.01.MZZZZZZZ.jpg,157,2.7070063694267517
450,The Devil Wears Prada : A Novel,LAUREN WEISBERGER,https://images.amazon.com/images/P/038550926X.01.MZZZZZZZ.jpg,204,2.9558823529411766
451,On the Street Where You Live,Mary Higgins Clark,https://images.amazon.com/images/P/0671004530.01.MZZZZZZZ.jpg,201,3.383084577114428
452,Winter Solstice,Rosamunde Pilcher,https://images.amazon.com/images/P/0312244266.01.MZZZZZZZ.jpg,194,2.8350515463917527
453,We Were the Mulvaneys,Joyce Carol Oates,https://images.amazon.com/images/P/0452282829.01.MZZZZZZZ.jpg,342,2.8684210526315788
454,Balzac and the Little Chinese Seamstress : A Novel,DAI SIJIE,https://images.amazon.com/images/P/0385722206.01.MZZZZZZZ.jpg,284,3.676056338028169
455,Year of Wonders,Geraldine Brooks,https://images.amazon.com/images/P/0142001430.01.MZZZZZZZ.jpg,169,4.331360946745562
456,The Search,Iris Johansen,https://images.amazon.com/images/P/0553800914.01.MZZZZZZZ.jpg,158,2.721518987341772
457,All I Really Need to Know,ROBERT FULGHUM,https://images.amazon.com/images/P/080410526X.01.MZZZZZZZ.jpg,258,2.87984496124031
458,Tara Road,Maeve Binchy,https://images.amazon.com/images/P/0440235596.01.MZZZZZZZ.jpg,304,3.036184210526316
459,Chocolat,Joanne Harris,https://images.amazon.com/images/P/0552998486.01.MZZZZZZZ.jpg,344,3.4127906976744184
460,Harry Potter and the Goblet of Fire,J. K. Rowling,https://images.amazon.com/images/P/0439139597.01.MZZZZZZZ.jpg,1,10.0
461,P Is for Peril,Sue Grafton,https://images.amazon.com/images/P/0449003795.01.MZZZZZZZ.jpg,119,3.176470588235294
462,Beach House,Mary Alice Monroe,https://images.amazon.com/images/P/1551668998.01.MZZZZZZZ.jpg,126,2.746031746031746
463,The Celestine Prophecy,James Redfield,https://images.amazon.com/images/P/044651862X.01.MZZZZZZZ.jpg,77,3.5454545454545454
464,Harry Potter and the Order of the Phoenix,J. K. Rowling,https://images.amazon.com/images/P/043935806X.01.MZZZZZZZ.jpg,2,10.0
465,Hideaway,Dean R. Koontz,https://images.amazon.com/images/P/042513525X.01.MZZZZZZZ.jpg,167,2.3832335329341316
466,The Tommyknockers,Stephen King,https://images.amazon.com/images/P/0451156609.01.MZZZZZZZ.jpg,221,3.1312217194570136
467,Tears of the Giraffe,Alexander McCall Smith,https://images.amazon.com/images/P/1400031354.01.MZZZZZZZ.jpg,202,3.9752475247524752
468,A Walk to Remember,Nicholas Sparks,https://images.amazon.com/images/P/0446608955.01.MZZZZZZZ.jpg,1,6.0
469,Journey,James A. Michener,https://images.amazon.com/images/P/0449218473.01.MZZZZZZZ.jpg,2,4.0
470,Holes,LOUIS SACHAR,https://images.amazon.com/images/P/0440414806.01.MZZZZZZZ.jpg,1,7.0
471,The Summons,John Grisham,https://images.amazon.com/images/P/0440241073.01.MZZZZZZZ.jpg,4,6.0
472,The Winner,David Baldacci,https://images.amazon.com/images/P/0446606324.01.MZZZZZZZ.jpg,184,2.885869565217391
473,The Virgin Suicides,Jeffrey Eugenides,https://images.amazon.com/images/P/0446670251.01.MZZZZZZZ.jpg,201,3.736318407960199
474,From Potter's Field,Patricia Daniels Cornwell,https://images.amazon.com/images/P/0425154092.01.MZZZZZZZ.jpg,231,3.3073593073593073
475,The Summerhouse,Jude Deveraux,https://images.amazon.com/images/P/0671014196.01.MZZZZZZZ.jpg,219,2.6986301369863015
476,Cold Mountain,Charles Frazier,https://images.amazon.com/images/P/0871136791.01.MZZZZZZZ.jpg,48,3.5
477,Scarlet Feather,Maeve Binchy,https://images.amazon.com/images/P/0525945938.01.MZZZZZZZ.jpg,256,2.6328125
478,The Blind Assassin,Margaret Atwood,https://images.amazon.com/images/P/0385475721.01.MZZZZZZZ.jpg,255,3.007843137254902
479,Birthright,Nora Roberts,https://images.amazon.com/images/P/0515137111.01.MZZZZZZZ.jpg,128,3.3046875
480,D Is for Deadbeat,Sue Grafton,https://images.amazon.com/images/P/0553271636.01.MZZZZZZZ.jpg,176,2.6363636363636362
481,Midnight in the Garden of Good and Evil,John Berendt,https://images.amazon.com/images/P/0679751521.01.MZZZZZZZ.jpg,159,3.0440251572327046
482,Three To Get Deadly : A Stephanie Plum Novel,Janet Evanovich,https://images.amazon.com/images/P/0312966091.01.MZZZZZZZ.jpg,224,3.4598214285714284
483,Two for the Dough,Janet Evanovich,https://images.amazon.com/images/P/0671001795.01.MZZZZZZZ.jpg,27,3.7037037037037037
484,Turtle Moon,Alice Hoffman,https://images.amazon.com/images/P/0425161285.01.MZZZZZZZ.jpg,142,2.0774647887323945
485,Where the Red Fern Grows,Wilson Rawls,https://images.amazon.com/images/P/0553274295.01.MZZZZZZZ.jpg,133,4.2180451127819545
486,A Man Named Dave: A Story of Triumph and Forgiveness,David J. Pelzer,https://images.amazon.com/images/P/0525945210.01.MZZZZZZZ.jpg,128,3.7109375
487,Saint Maybe,ANNE TYLER,https://images.amazon.com/images/P/0804108749.01.MZZZZZZZ.jpg,147,2.54421768707483
488,Rules of Prey,John Sandford,https://images.amazon.com/images/P/0425121631.01.MZZZZZZZ.jpg,101,2.594059405940594
489,Envy,Sandra Brown,https://images.amazon.com/images/P/0446611808.01.MZZZZZZZ.jpg,190,2.8157894736842106
490,Betrayal in Death,Nora Roberts,https://images.amazon.com/images/P/0425178579.01.MZZZZZZZ.jpg,89,2.438202247191011
491,The Gunslinger,Stephen King,https://images.amazon.com/images/P/0451210840.01.MZZZZZZZ.jpg,214,3.7196261682242993
492,The Dark Half,Stephen King,https://images.amazon.com/images/P/0451167317.01.MZZZZZZZ.jpg,1,10.0
493,Full House,Janet Evanovich,https://images.amazon.com/images/P/0312983271.01.MZZZZZZZ.jpg,257,3.0428015564202333
494,F Is for Fugitive,Sue Grafton,https://images.amazon.com/images/P/0553284789.01.MZZZZZZZ.jpg,161,2.5527950310559007
495,E Is for Evidence: A Kinsey Millhone Mystery,Sue Grafton,https://images.amazon.com/images/P/0553279556.01.MZZZZZZZ.jpg,3,8.666666666666666
496,The Regulators,Stephen King,https://images.amazon.com/images/P/0451191013.01.MZZZZZZZ.jpg,150,2.8733333333333335
497,Plum Island,Nelson DeMille,https://images.amazon.com/images/P/0446605409.01.MZZZZZZZ.jpg,150,3.026666666666667
498,The Eight,Katherine Neville,https://images.amazon.com/images/P/0345366239.01.MZZZZZZZ.jpg,113,3.088495575221239
499,The Drawing of the Three,Stephen King,https://images.amazon.com/images/P/0451163524.01.MZZZZZZZ.jpg,179,4.134078212290503
500,Wizard and Glass,Stephen King,https://images.amazon.com/images/P/0451194861.01.MZZZZZZZ.jpg,146,3.9794520547945207
501,Beloved,Toni Morrison,https://images.amazon.com/images/P/0452280621.01.MZZZZZZZ.jpg,1,10.0
502,The Empty Chair,Jeffery Deaver,https://images.amazon.com/images/P/0671026011.01.MZZZZZZZ.jpg,128,2.875
503,The Sweet Potato Queens' Book of Love,JILL CONNER BROWNE,https://images.amazon.com/images/P/0609804138.01.MZZZZZZZ.jpg,213,3.4741784037558685
504,Drowning Ruth,CHRISTINA SCHWARZ,https://images.amazon.com/images/P/0345439104.01.MZZZZZZZ.jpg,187,3.8128342245989306
505,The Last Precinct,Patricia Cornwell,https://images.amazon.com/images/P/0425180638.01.MZZZZZZZ.jpg,337,2.8753709198813056
506,Possession : A Romance,A.S. BYATT,https://images.amazon.com/images/P/0679735909.01.MZZZZZZZ.jpg,141,2.5531914893617023
507,L Is for Lawless,Sue Grafton,https://images.amazon.com/images/P/0449221490.01.MZZZZZZZ.jpg,85,2.776470588235294
508,Violin,Anne Rice,https://images.amazon.com/images/P/0679433023.01.MZZZZZZZ.jpg,143,2.006993006993007
509,Animal Dreams,Barbara Kingsolver,https://images.amazon.com/images/P/0060921145.01.MZZZZZZZ.jpg,167,3.197604790419162
510,Sleepers,Lorenzo Carcaterra,https://images.amazon.com/images/P/0345404114.01.MZZZZZZZ.jpg,129,2.7131782945736433
511,The Angel of Darkness,Caleb Carr,https://images.amazon.com/images/P/0345427637.01.MZZZZZZZ.jpg,200,2.435
512,Jewel,Bret Lott,https://images.amazon.com/images/P/0671042572.01.MZZZZZZZ.jpg,216,2.949074074074074
513,I Is for Innocent,Sue Grafton,https://images.amazon.com/images/P/0449221512.01.MZZZZZZZ.jpg,44,3.022727272727273
514,Evening Class,Maeve Binchy,https://images.amazon.com/images/P/0385318073.01.MZZZZZZZ.jpg,209,3.22488038277512
515,Morality for Beautiful Girls,Alexander McCall Smith,https://images.amazon.com/images/P/1400031362.01.MZZZZZZZ.jpg,128,3.0703125
516,N Is for Noose,Sue Grafton,https://images.amazon.com/images/P/0449223612.01.MZZZZZZZ.jpg,77,2.935064935064935
517,A Wrinkle in Time,Madeleine L'Engle,https://images.amazon.com/images/P/0440998050.01.MZZZZZZZ.jpg,2,5.0
518,The English Patient,Michael Ondaatje,https://images.amazon.com/images/P/0679745203.01.MZZZZZZZ.jpg,223,3.0672645739910314
519,The Fourth Hand,John Irving,https://images.amazon.com/images/P/0345449347.01.MZZZZZZZ.jpg,192,3.015625
520,Shadow Prey,John Sandford,https://images.amazon.com/images/P/039913543X.01.MZZZZZZZ.jpg,83,2.0
521,Dragon Tears,Dean R. Koontz,https://images.amazon.com/images/P/0399137734.01.MZZZZZZZ.jpg,1,5.0
522,Dawn,V.C. Andrews,https://images.amazon.com/images/P/0671670689.01.MZZZZZZZ.jpg,6,6.0
523,Fat Tuesday,Sandra Brown,https://images.amazon.com/images/P/0446605581.01.MZZZZZZZ.jpg,127,1.7559055118110236
524,Couplehood,Paul Reiser,https://images.amazon.com/images/P/0553096834.01.MZZZZZZZ.jpg,204,2.4705882352941178
525,I Know Why the Caged Bird Sings,MAYA ANGELOU,https://images.amazon.com/images/P/0553279378.01.MZZZZZZZ.jpg,1,8.0
526,Still Waters,TAMI HOAG,https://images.amazon.com/images/P/0553292722.01.MZZZZZZZ.jpg,194,2.4278350515463916
527,Hard Eight : A Stephanie Plum Novel,Janet Evanovich,https://images.amazon.com/images/P/0312983867.01.MZZZZZZZ.jpg,269,3.825278810408922
528,Angels,Marian Keyes,https://images.amazon.com/images/P/0060008024.01.MZZZZZZZ.jpg,2,3.5
529,Debt of Honor,Tom Clancy,https://images.amazon.com/images/P/0425147584.01.MZZZZZZZ.jpg,1,8.0
530,Dark Angel,V.C. Andrews,https://images.amazon.com/images/P/0671525433.01.MZZZZZZZ.jpg,23,3.4782608695652173
531,Taltos: Lives of the Mayfair Witches,Anne Rice,https://images.amazon.com/images/P/0345404319.01.MZZZZZZZ.jpg,123,3.5040650406504064
532,One True Thing,Anna Quindlen,https://images.amazon.com/images/P/067940712X.01.MZZZZZZZ.jpg,1,7.0
533,Skeleton Crew,Stephen King,https://images.amazon.com/images/P/0451168615.01.MZZZZZZZ.jpg,178,3.6741573033707864
534,Seize the Night,DEAN KOONTZ,https://images.amazon.com/images/P/0553106651.01.MZZZZZZZ.jpg,172,2.5872093023255816
535,Shattered,Dean R. Koontz,https://images.amazon.com/images/P/0425099334.01.MZZZZZZZ.jpg,8,4.625
536,Q Is for Quarry,Sue Grafton,https://images.amazon.com/images/P/0425192725.01.MZZZZZZZ.jpg,244,3.7540983606557377
537,Girl in Hyacinth Blue,Susan Vreeland,https://images.amazon.com/images/P/1565115430.01.MZZZZZZZ.jpg,1,8.0
538,Full Tilt,Janet Evanovich,https://images.amazon.com/images/P/031298328X.01.MZZZZZZZ.jpg,1,7.0
539,The Glass Lake,Maeve Binchy,https://images.amazon.com/images/P/0440221595.01.MZZZZZZZ.jpg,158,3.1772151898734178
540,The Horse Whisperer,Nicholas Evans,https://images.amazon.com/images/P/0440222656.01.MZZZZZZZ.jpg,507,2.6863905325443787
541,"River, Cross My Heart",Breena Clarke,https://images.amazon.com/images/P/0316899984.01.MZZZZZZZ.jpg,205,2.7121951219512197
542,Catering to Nobody,Diane Mott Davidson,https://images.amazon.com/images/P/044922046X.01.MZZZZZZZ.jpg,120,3.4916666666666667
543,"Angus, Thongs and Full-Frontal Snogging: Confessions of Georgia Nicolson",Louise Rennison,https://images.amazon.com/images/P/0064472272.01.MZZZZZZZ.jpg,118,4.11864406779661
544,The Edge,Catherine Coulter,https://images.amazon.com/images/P/0515128600.01.MZZZZZZZ.jpg,126,2.0634920634920637
545,Sea Swept,Nora Roberts,https://images.amazon.com/images/P/0515121843.01.MZZZZZZZ.jpg,119,2.588235294117647
546,Seven Up,Janet Evanovich,https://images.amazon.com/images/P/0312265840.01.MZZZZZZZ.jpg,278,3.8884892086330933
547,The Weight of Water : A Novel Tag: Author of Resistance and Strange Fits of Passion,Anita Shreve,https://images.amazon.com/images/P/0316780375.01.MZZZZZZZ.jpg,177,2.536723163841808
548,Cujo,Stephen King,https://images.amazon.com/images/P/0670451932.01.MZZZZZZZ.jpg,1,5.0
549,Hearts in Atlantis,Stephen King,https://images.amazon.com/images/P/0743436210.01.MZZZZZZZ.jpg,170,3.1294117647058823
550,Jacob Have I Loved,Katherine Paterson,https://images.amazon.com/images/P/0380564998.01.MZZZZZZZ.jpg,103,2.0776699029126213
551,Dust to Dust,TAMI HOAG,https://images.amazon.com/images/P/0553582526.01.MZZZZZZZ.jpg,1,7.0
552,Over the Edge,Jonathan Kellerman,https://images.amazon.com/images/P/0451152190.01.MZZZZZZZ.jpg,117,2.452991452991453
553,Standoff,Sandra Brown,https://images.amazon.com/images/P/0446527017.01.MZZZZZZZ.jpg,129,2.4573643410852712
554,"Truly, Madly Manhattan",Nora Roberts,https://images.amazon.com/images/P/0373218036.01.MZZZZZZZ.jpg,130,2.3461538461538463
555,The Deep End of the Ocean,Jacquelyn Mitchard,https://images.amazon.com/images/P/0451186923.01.MZZZZZZZ.jpg,139,2.6402877697841727
556,B Is for Burglar,Sue Grafton,https://images.amazon.com/images/P/0553280341.01.MZZZZZZZ.jpg,247,2.7044534412955468
557,C Is for Corpse,Sue Grafton,https://images.amazon.com/images/P/0553280368.01.MZZZZZZZ.jpg,177,2.531073446327684
558,Gerald's Game,Stephen King,https://images.amazon.com/images/P/0451176464.01.MZZZZZZZ.jpg,163,3.7177914110429446
559,FORREST GUMP,Winston Groom,https://images.amazon.com/images/P/0671894455.01.MZZZZZZZ.jpg,140,2.65
560,Rose Madder,Stephen King,https://images.amazon.com/images/P/0451186362.01.MZZZZZZZ.jpg,200,2.985
561,Tom Clancy's Op-Center,Tom Clancy,https://images.amazon.com/images/P/0425147363.01.MZZZZZZZ.jpg,134,1.4402985074626866
562,Drums of Autumn,DIANA GABALDON,https://images.amazon.com/images/P/044022425X.01.MZZZZZZZ.jpg,101,4.514851485148514
563,Voyager,DIANA GABALDON,https://images.amazon.com/images/P/0440217563.01.MZZZZZZZ.jpg,121,4.024793388429752
564,The Stone Diaries,Carol Shields,https://images.amazon.com/images/P/014023313X.01.MZZZZZZZ.jpg,212,2.4952830188679247
565,Dr. Atkins' New Diet Revolution,Robert C. Atkins,https://images.amazon.com/images/P/006001203X.01.MZZZZZZZ.jpg,118,2.483050847457627
566,Daddy,DANIELLE STEEL,https://images.amazon.com/images/P/0440207622.01.MZZZZZZZ.jpg,131,1.6106870229007633
567,Small Town Girl,LaVyrle Spencer,https://images.amazon.com/images/P/0399142495.01.MZZZZZZZ.jpg,116,2.5948275862068964
568,Killjoy,Julie Garwood,https://images.amazon.com/images/P/0345453816.01.MZZZZZZZ.jpg,1,9.0
569,A Thin Dark Line,TAMI HOAG,https://images.amazon.com/images/P/0553571885.01.MZZZZZZZ.jpg,26,3.076923076923077
570,Matilda,Roald Dahl,https://images.amazon.com/images/P/014034294X.01.MZZZZZZZ.jpg,130,3.6769230769230767
571,The Face of Deception,Iris Johansen,https://images.amazon.com/images/P/0553578022.01.MZZZZZZZ.jpg,125,2.952
572,G Is for Gumshoe,Sue Grafton,https://images.amazon.com/images/P/0449219364.01.MZZZZZZZ.jpg,2,5.0
573,The Other Boleyn Girl,Philippa Gregory,https://images.amazon.com/images/P/0743227441.01.MZZZZZZZ.jpg,159,4.761006289308176
574,The Bonfire of the Vanities,Tom Wolfe,https://images.amazon.com/images/P/0553275976.01.MZZZZZZZ.jpg,197,2.1269035532994924
575,The Bachelor,Carly Phillips,https://images.amazon.com/images/P/0446610542.01.MZZZZZZZ.jpg,122,2.622950819672131
576,The Promise,Mandalyn Kaye,https://images.amazon.com/images/P/0786000872.01.MZZZZZZZ.jpg,3,7.333333333333333
577,Needful Things,Stephen King,https://images.amazon.com/images/P/0451178599.01.MZZZZZZZ.jpg,179,3.340782122905028
578,Four Past Midnight,Stephen King,https://images.amazon.com/images/P/0451170385.01.MZZZZZZZ.jpg,164,3.676829268292683
579,"Men Are from Mars, Women Are from Venus: A Practical Guide for Improving Communication and Getting What You Want in Your Relationships",John Gray,https://images.amazon.com/images/P/006016848X.01.MZZZZZZZ.jpg,148,2.675675675675676
580,Smart Women,Judy Blume,https://images.amazon.com/images/P/0671727583.01.MZZZZZZZ.jpg,109,2.0458715596330275
581,Hemlock Bay,Catherine Coulter,https://images.amazon.com/images/P/0515133302.01.MZZZZZZZ.jpg,148,2.5878378378378377
582,The Wedding,Nicholas Sparks,https://images.amazon.com/images/P/0446532452.01.MZZZZZZZ.jpg,1,10.0
583,Red Storm Rising,Tom Clancy,https://images.amazon.com/images/P/042510107X.01.MZZZZZZZ.jpg,181,2.287292817679558
584,Tell Me Lies,Jennifer Crusie,https://images.amazon.com/images/P/0312966806.01.MZZZZZZZ.jpg,4,4.75
585,Hide &amp; Seek,James Patterson,https://images.amazon.com/images/P/0446603716.01.MZZZZZZZ.jpg,3,3.3333333333333335
586,Wanderlust,Danielle Steel,https://images.amazon.com/images/P/0440193613.01.MZZZZZZZ.jpg,13,4.846153846153846
587,Whirlwind,Nancy Martin,https://images.amazon.com/images/P/0373825013.01.MZZZZZZZ.jpg,55,2.4727272727272727
588,Carrie,Stephen King,https://images.amazon.com/images/P/0451157443.01.MZZZZZZZ.jpg,140,4.3
589,Schindler's List,Thomas Keneally,https://images.amazon.com/images/P/0671880314.01.MZZZZZZZ.jpg,124,2.5080645161290325
590,The General's Daughter,Nelson DeMille,https://images.amazon.com/images/P/0446513067.01.MZZZZZZZ.jpg,156,2.4871794871794872
591,Drowning Ruth,Christina Schwarz,https://images.amazon.com/images/P/0385502532.01.MZZZZZZZ.jpg,187,3.8128342245989306
592,The Bourne Supremacy,Robert Ludlum,https://images.amazon.com/images/P/0553263226.01.MZZZZZZZ.jpg,130,1.9538461538461538
593,Summer Pleasures,Nora Roberts,https://images.amazon.com/images/P/0373218397.01.MZZZZZZZ.jpg,130,2.546153846153846
594,Homeport,Nora Roberts,https://images.amazon.com/images/P/0399143874.01.MZZZZZZZ.jpg,1,8.0
595,Five Days in Paris,DANIELLE STEEL,https://images.amazon.com/images/P/0440222842.01.MZZZZZZZ.jpg,125,2.304
596,Paradise,Toni Morrison,https://images.amazon.com/images/P/0679433740.01.MZZZZZZZ.jpg,1,8.0
597,A Virtuous Woman,Kaye Gibbons,https://images.amazon.com/images/P/0375703063.01.MZZZZZZZ.jpg,164,2.3841463414634148
598,The Burden of Proof,Scott Turow,https://images.amazon.com/images/P/0446360589.01.MZZZZZZZ.jpg,153,1.7189542483660132
599,Accident,Danielle Steel,https://images.amazon.com/images/P/0385306024.01.MZZZZZZZ.jpg,126,2.5793650793650795
600,Master of the Game,Sidney Sheldon,https://images.amazon.com/images/P/0446802204.01.MZZZZZZZ.jpg,93,1.8709677419354838
601,If Tomorrow Comes,Sidney Sheldon,https://images.amazon.com/images/P/0446329894.01.MZZZZZZZ.jpg,98,1.5816326530612246
602,False Memory,Dean R. Koontz,https://images.amazon.com/images/P/0553580221.01.MZZZZZZZ.jpg,227,2.748898678414097
603,Second Nature,Alice Hoffman,https://images.amazon.com/images/P/0399139087.01.MZZZZZZZ.jpg,1,9.0
604,Coming Home,Rosamunde Pilcher,https://images.amazon.com/images/P/0312958129.01.MZZZZZZZ.jpg,1,7.0
605,Foucault's Pendulum,Umberto Eco,https://images.amazon.com/images/P/0345368754.01.MZZZZZZZ.jpg,167,2.5508982035928143
606,Colony,Anne Rivers Siddons,https://images.amazon.com/images/P/0061099708.01.MZZZZZZZ.jpg,90,2.022222222222222
607,Devices and Desires,Phyllis White,https://images.amazon.com/images/P/0446359750.01.MZZZZZZZ.jpg,85,2.176470588235294
608,The Killing Game: Only One Can Win...and the Loser Dies,Iris Johansen,https://images.amazon.com/images/P/0553581554.01.MZZZZZZZ.jpg,124,2.0080645161290325
609,Nightmares &amp; Dreamscapes,Stephen King,https://images.amazon.com/images/P/0451180232.01.MZZZZZZZ.jpg,145,3.6413793103448278
610,Thinner,Stephen King,https://images.amazon.com/images/P/0451137965.01.MZZZZZZZ.jpg,186,3.39247311827957
611,Temptation,Jude Deveraux,https://images.amazon.com/images/P/0671002031.01.MZZZZZZZ.jpg,1,9.0
612,The Talisman,Stephen King,https://images.amazon.com/images/P/0425105334.01.MZZZZZZZ.jpg,1,7.0
613,"Welcome to the World, Baby Girl!",Fannie Flagg,https://images.amazon.com/images/P/080411868X.01.MZZZZZZZ.jpg,211,2.161137440758294
614,Fatal Cure,Robin Cook,https://images.amazon.com/images/P/0425145638.01.MZZZZZZZ.jpg,111,1.7207207207207207
615,A Fine Balance,Rohinton Mistry,https://images.amazon.com/images/P/140003065X.01.MZZZZZZZ.jpg,169,3.035502958579882
616,Deja Dead,Kathy Reichs,https://images.amazon.com/images/P/0671011367.01.MZZZZZZZ.jpg,180,3.0277777777777777
617,The Ugly Duckling,Iris Johansen,https://images.amazon.com/images/P/0553569910.01.MZZZZZZZ.jpg,1,10.0
618,I Know This Much Is True,Wally Lamb,https://images.amazon.com/images/P/0060391626.01.MZZZZZZZ.jpg,6,3.8333333333333335
619,Fine Things,Danielle Steel,https://images.amazon.com/images/P/0440200563.01.MZZZZZZZ.jpg,96,1.75
620,Anne of the Island,Lucy Maud Montgomery,https://images.amazon.com/images/P/0553213172.01.MZZZZZZZ.jpg,2,8.5
621,Welcome to Temptation,Jennifer Crusie,https://images.amazon.com/images/P/0312974256.01.MZZZZZZZ.jpg,4,7.5
622,Sole Survivor,DEAN KOONTZ,https://images.amazon.com/images/P/0679425268.01.MZZZZZZZ.jpg,166,2.3734939759036147
623,Tears of the Moon,Nora Roberts,https://images.amazon.com/images/P/0515128546.01.MZZZZZZZ.jpg,161,2.981366459627329
624,Beach Music,PAT CONROY,https://images.amazon.com/images/P/0385413041.01.MZZZZZZZ.jpg,2,4.5
625,The Genesis Code,John Case,https://images.amazon.com/images/P/0345422317.01.MZZZZZZZ.jpg,130,2.4
626,Practical Magic,Alice Hoffman,https://images.amazon.com/images/P/0425168468.01.MZZZZZZZ.jpg,139,3.028776978417266
627,Riptide,Catherine Coulter,https://images.amazon.com/images/P/0515130966.01.MZZZZZZZ.jpg,196,2.2551020408163267
628,Gorky Park,Martin Cruz Smith,https://images.amazon.com/images/P/0345298349.01.MZZZZZZZ.jpg,92,1.4565217391304348
629,Fortune's Rocks: A Novel,Anita Shreve,https://images.amazon.com/images/P/0316781010.01.MZZZZZZZ.jpg,123,2.6666666666666665
630,Silent Witness,RICHARD NORTH PATTERSON,https://images.amazon.com/images/P/0345404769.01.MZZZZZZZ.jpg,7,4.714285714285714
631,Midnight Bayou,Nora Roberts,https://images.amazon.com/images/P/0399148248.01.MZZZZZZZ.jpg,183,3.2459016393442623
632,Fingersmith,Sarah Waters,https://images.amazon.com/images/P/1573229725.01.MZZZZZZZ.jpg,106,3.0754716981132075
633,Shadowfires,Dean R. Koontz,https://images.amazon.com/images/P/0425136981.01.MZZZZZZZ.jpg,108,2.175925925925926
634,Remember Me,Mary Higgins Clark,https://images.amazon.com/images/P/0671867091.01.MZZZZZZZ.jpg,2,3.5
635,It's Always Something,Gilda Radner,https://images.amazon.com/images/P/0380710722.01.MZZZZZZZ.jpg,113,1.9734513274336283
636,Fatherhood,Bill Cosby,https://images.amazon.com/images/P/0425097722.01.MZZZZZZZ.jpg,124,2.274193548387097
637,Kaleidoscope,Danielle Steel,https://images.amazon.com/images/P/0440201926.01.MZZZZZZZ.jpg,115,1.6434782608695653
638,Secrets,DANIELLE STEEL,https://images.amazon.com/images/P/0440176484.01.MZZZZZZZ.jpg,1,10.0
639,The Long Road Home,DANIELLE STEEL,https://images.amazon.com/images/P/0385319568.01.MZZZZZZZ.jpg,118,2.3813559322033897
640,"Like Water for Chocolate : A Novel in Monthly Installments with Recipes, Romances, and Home Remedies",LAURA ESQUIVEL,https://images.amazon.com/images/P/038542017X.01.MZZZZZZZ.jpg,121,3.71900826446281
641,Bridge to Terabithia,Katherine Paterson,https://images.amazon.com/images/P/0380432811.01.MZZZZZZZ.jpg,109,3.7981651376146788
642,The Saving Graces: A Novel,Patricia Gaffney,https://images.amazon.com/images/P/0061097101.01.MZZZZZZZ.jpg,219,2.835616438356164
643,Invasion,Robin Cook,https://images.amazon.com/images/P/0425155404.01.MZZZZZZZ.jpg,128,2.1875
644,Blue Diary,Alice Hoffman,https://images.amazon.com/images/P/0425184943.01.MZZZZZZZ.jpg,137,3.2335766423357666
645,Moo,Jane Smiley,https://images.amazon.com/images/P/0449910237.01.MZZZZZZZ.jpg,159,1.9371069182389937
646,Billy Straight : A Novel,JONATHAN KELLERMAN,https://images.amazon.com/images/P/0345413865.01.MZZZZZZZ.jpg,95,1.894736842105263
647,Macgregor Grooms,Nora Roberts,https://images.amazon.com/images/P/0373483694.01.MZZZZZZZ.jpg,81,2.2962962962962963
648,Nicolae: The Rise of Antichrist,Tim F. Lahaye,https://images.amazon.com/images/P/0842329242.01.MZZZZZZZ.jpg,17,4.235294117647059
649,Night Prey,John Sandford,https://images.amazon.com/images/P/0425146413.01.MZZZZZZZ.jpg,110,2.0545454545454547
650,The Crimson Petal and the White,Michel Faber,https://images.amazon.com/images/P/015100692X.01.MZZZZZZZ.jpg,195,2.723076923076923
651,Vector,Robin Cook,https://images.amazon.com/images/P/0399144714.01.MZZZZZZZ.jpg,141,2.1914893617021276
652,Acceptable Risk,Robin Cook,https://images.amazon.com/images/P/0425151867.01.MZZZZZZZ.jpg,121,2.9917355371900825
653,The Switch,Sandra Brown,https://images.amazon.com/images/P/0446609943.01.MZZZZZZZ.jpg,192,2.8541666666666665
654,The Clan of the Cave Bear,Jean M. Auel,https://images.amazon.com/images/P/0553250426.01.MZZZZZZZ.jpg,17,6.235294117647059
655,"Scarlett : The Sequel to Margaret Mitchell's \Gone With the Wind\""""",Alexandra Ripley,https://images.amazon.com/images/P/0446363251.01.MZZZZZZZ.jpg,114,2.456140350877193
656,Night Whispers,Judith McNaught,https://images.amazon.com/images/P/0671525743.01.MZZZZZZZ.jpg,127,2.409448818897638
657,A Great Deliverance,Elizabeth George,https://images.amazon.com/images/P/0553278029.01.MZZZZZZZ.jpg,99,1.8181818181818181
658,Sacred Sins,Nora Roberts,https://images.amazon.com/images/P/0553265741.01.MZZZZZZZ.jpg,112,2.607142857142857
659,The Sands of Time,Sidney Sheldon,https://images.amazon.com/images/P/0446356832.01.MZZZZZZZ.jpg,105,1.1714285714285715
660,Touching Evil,Kay Hooper,https://images.amazon.com/images/P/0553583441.01.MZZZZZZZ.jpg,95,2.2842105263157895
661,Artemis Fowl,Eoin Colfer,https://images.amazon.com/images/P/0786817070.01.MZZZZZZZ.jpg,248,3.3306451612903225
662,The Copper Beech,Maeve Binchy,https://images.amazon.com/images/P/0440213290.01.MZZZZZZZ.jpg,149,2.248322147651007
663,Key of Knowledge,Nora Roberts,https://images.amazon.com/images/P/0515136379.01.MZZZZZZZ.jpg,117,3.393162393162393
664,Key of Valor,Nora Roberts,https://images.amazon.com/images/P/0515136530.01.MZZZZZZZ.jpg,4,4.75
665,Key of Light,Nora Roberts,https://images.amazon.com/images/P/051513628X.01.MZZZZZZZ.jpg,136,2.9779411764705883
666,Wifey,Judy Blume,https://images.amazon.com/images/P/0671693816.01.MZZZZZZZ.jpg,126,2.9761904761904763
667,The Bourne Ultimatum,Robert Ludlum,https://images.amazon.com/images/P/0553287737.01.MZZZZZZZ.jpg,110,2.0454545454545454
668,A Wrinkle In Time,MADELEINE L'ENGLE,https://images.amazon.com/images/P/0440498058.01.MZZZZZZZ.jpg,158,4.550632911392405
669,The Boy Next Door,Meggin Cabot,https://images.amazon.com/images/P/0060096195.01.MZZZZZZZ.jpg,124,3.879032258064516
670,Family Album,Danielle Steel,https://images.amazon.com/images/P/0440124344.01.MZZZZZZZ.jpg,94,1.5
671,Macgregor Brides,Nora Roberts,https://images.amazon.com/images/P/0373483503.01.MZZZZZZZ.jpg,84,2.5952380952380953
672,Sanctuary,Nora Roberts,https://images.amazon.com/images/P/0515122734.01.MZZZZZZZ.jpg,1,9.0
673,Message from Nam,Danielle Steel,https://images.amazon.com/images/P/0440209412.01.MZZZZZZZ.jpg,1,4.0
674,The Pull of the Moon,Elizabeth Berg,https://images.amazon.com/images/P/0425176487.01.MZZZZZZZ.jpg,101,3.0
675,Portrait in Death,Nora Roberts,https://images.amazon.com/images/P/0425189031.01.MZZZZZZZ.jpg,93,2.860215053763441
676,All the Pretty Horses,CORMAC MCCARTHY,https://images.amazon.com/images/P/0679744398.01.MZZZZZZZ.jpg,1,7.0
677,The Most Wanted,Jacquelyn Mitchard,https://images.amazon.com/images/P/0451196856.01.MZZZZZZZ.jpg,117,1.794871794871795
678,Eyes of a Child,Richard North Patterson,https://images.amazon.com/images/P/0679429883.01.MZZZZZZZ.jpg,105,2.104761904761905
679,Exclusive,Sandra Brown,https://images.amazon.com/images/P/0446604232.01.MZZZZZZZ.jpg,2,4.0
680,Crazy for You,Jennifer Crusie,https://images.amazon.com/images/P/0312198493.01.MZZZZZZZ.jpg,2,10.0
681,GARDEN OF SHADOWS,Ariel Jennifer Jones,https://images.amazon.com/images/P/067164257X.01.MZZZZZZZ.jpg,91,2.4065934065934065
682,The Return Journey,MAEVE BINCHY,https://images.amazon.com/images/P/0440224594.01.MZZZZZZZ.jpg,148,2.081081081081081
683,Jewels of the Sun,Nora Roberts,https://images.amazon.com/images/P/0515126772.01.MZZZZZZZ.jpg,170,2.9529411764705884
684,Heartbeat,Danielle Steel,https://images.amazon.com/images/P/0385299087.01.MZZZZZZZ.jpg,108,1.787037037037037
685,H Is for Homicide,Sue Grafton,https://images.amazon.com/images/P/0449219461.01.MZZZZZZZ.jpg,12,4.916666666666667
686,Mind Prey,John Sandford,https://images.amazon.com/images/P/0425152898.01.MZZZZZZZ.jpg,108,2.712962962962963
687,Fortune's Rocks : A Novel,Anita Shreve,https://images.amazon.com/images/P/0316678104.01.MZZZZZZZ.jpg,155,3.1483870967741936
688,The Cradle Will Fall,Mary Higgins Clark,https://images.amazon.com/images/P/0671741195.01.MZZZZZZZ.jpg,1,6.0
689,Dream Country,Luanne Rice,https://images.amazon.com/images/P/055358264X.01.MZZZZZZZ.jpg,1,8.0
690,Executive Orders,Tom Clancy,https://images.amazon.com/images/P/0425158632.01.MZZZZZZZ.jpg,58,2.0517241379310347
691,Cat &amp; Mouse,James Patterson,https://images.amazon.com/images/P/0446606189.01.MZZZZZZZ.jpg,198,3.111111111111111
692,Blood Work,Michael Connelly,https://images.amazon.com/images/P/0446602620.01.MZZZZZZZ.jpg,1,8.0
693,Certain Prey,John Sandford,https://images.amazon.com/images/P/0425174271.01.MZZZZZZZ.jpg,128,2.9140625
694,Easy Prey,John Sandford,https://images.amazon.com/images/P/039914613X.01.MZZZZZZZ.jpg,160,2.925
695,Mortal Prey,John Sandford,https://images.amazon.com/images/P/0425189864.01.MZZZZZZZ.jpg,165,2.9212121212121214
696,Patriot Games,Tom Clancy,https://images.amazon.com/images/P/0425109720.01.MZZZZZZZ.jpg,144,2.5277777777777777
697,Zoya,Danielle Steel,https://images.amazon.com/images/P/0440203856.01.MZZZZZZZ.jpg,103,1.4660194174757282
698,Inner Harbor,Nora Roberts,https://images.amazon.com/images/P/0515124214.01.MZZZZZZZ.jpg,106,2.0377358490566038
699,No Greater Love,Danielle Steel,https://images.amazon.com/images/P/0440213282.01.MZZZZZZZ.jpg,111,2.3063063063063063
700,My Gal Sunday,Mary Higgins Clark,https://images.amazon.com/images/P/0684832291.01.MZZZZZZZ.jpg,159,2.119496855345912
701,That Camden Summer,Lavyrle Spencer,https://images.amazon.com/images/P/0399141200.01.MZZZZZZZ.jpg,127,2.7244094488188977
702,Guardian Angel,Sara Paretsky,https://images.amazon.com/images/P/0440213991.01.MZZZZZZZ.jpg,2,2.5
703,M Is for Malice,Sue Grafton,https://images.amazon.com/images/P/0449223604.01.MZZZZZZZ.jpg,69,2.3768115942028984
704,Nothing Lasts Forever,Sidney Sheldon,https://images.amazon.com/images/P/0688084915.01.MZZZZZZZ.jpg,105,1.9904761904761905
705,Deck the Halls,Mary Higgins Clark,https://images.amazon.com/images/P/0743418131.01.MZZZZZZZ.jpg,51,2.176470588235294
